process,regressor,ALL,TSFGA(majority),TSFGA(seed0),gain_majority
deposition,dt,0.5666992061215482,0.6111811519507581,0.6018777975159307,0.044481945829209835
deposition,lgbm,0.6522465289447426,0.6461370227221773,0.6643312216005135,-0.006109506222565231
deposition,mlp,0.5555433455065817,0.6412306145365598,0.6465310276640288,0.08568726902997814
deposition,rf,0.6597141466270061,0.6942904401869429,0.6885355201297504,0.034576293559936744
deposition,svr,0.584777914655351,0.6933911939129338,0.6464663220092539,0.1086132792575828
etching,dt,0.6866940191245752,0.7219477850463619,0.7071137968390053,0.03525376592178675
etching,lgbm,0.758142166695939,0.7417472816429244,0.7283829689063445,-0.016394885053014674
etching,mlp,0.6870190803892687,0.7399424521228,0.6996037854896415,0.05292337173353123
etching,rf,0.7494106771199074,0.7551305064362208,0.7546629149667552,0.0057198293163134295
etching,svr,0.6930237573598081,0.7743937033872593,0.7056671182049623,0.08136994602745118
implantation,dt,0.6032438684606892,0.6539834169729531,0.6403429193210852,0.05073954851226392
implantation,lgbm,0.6971070109745633,0.7015092112559949,0.7008929889171774,0.0044022002814315675
implantation,mlp,0.6018703302521473,0.6885728192461366,0.5923925815729859,0.08670248899398925
implantation,rf,0.6692300195635489,0.716871643953215,0.7067873412346479,0.047641624389666126
implantation,svr,0.5762935372633264,0.704018102188544,0.6326288536751263,0.12772456492521755
lithography,dt,0.6338516484618713,0.7138953212395798,0.6885902413726953,0.08004367277770852
lithography,lgbm,0.7258811970130028,0.7440714657957386,0.7231438850600955,0.018190268782735775
lithography,mlp,0.686020939427926,0.7430289375139518,0.7026316403644199,0.05700799808602586
lithography,rf,0.7085799768098985,0.7618379012897252,0.741763540803167,0.05325792447982669
lithography,svr,0.7070503973379328,0.7866595730278996,0.74407962059727,0.07960917568996673
metalization,dt,0.622208166433511,0.6880686179415593,0.6887929794583435,0.06586045150804831
metalization,lgbm,0.7070120490395906,0.6863023664789355,0.7082958470220664,-0.020709682560655085
metalization,mlp,0.6166877987302957,0.6848142683404496,0.6604910924296293,0.0681264696101539
metalization,rf,0.7020288760642119,0.74187102868045,0.7485077432944813,0.039842152616238025
metalization,svr,0.5959962863694879,0.706901639356008,0.705601798470037,0.11090535298652016
planarization,dt,0.6133111509036413,0.6711189881064591,0.6649623014628132,0.05780783720281779
planarization,lgbm,0.7077255070816193,0.7216290271587064,0.7173843336533047,0.013903520077087062
planarization,mlp,0.691871901603312,0.7168940890712422,0.7040973762450993,0.025022187467930168
planarization,rf,0.6882124354106606,0.7381735581035207,0.7291460445046873,0.04996112269286013
planarization,svr,0.6800286540607473,0.7562967496614191,0.7250837215353879,0.07626809560067183
