reference,method,n,mean_diff,median_diff,W,p_value,wins,ties,losses,significant,better,regressor
TSFGA(majority),ALL,90,0.03849982450914028,0.03591596070560599,152.0,2.4046207391392323e-14,80,0,10,True,reference,rf
TSFGA(majority),TSFGA(seed0),90,0.006461995619430935,0.007412868739412881,1110.0,0.00016180912427539004,60,0,30,True,reference,rf
TSFGA(majority),ALL,90,-0.0011196807824968137,-0.0010218083412011358,1970.0,0.7551652537826922,43,0,47,False,ALL,lgbm
TSFGA(majority),TSFGA(seed0),90,-0.00017247835083755342,0.0012459890841201582,2030.0,0.9438637077936495,49,0,41,False,TSFGA(seed0),lgbm
TSFGA(majority),ALL,90,0.06257829748693475,0.06157662219329468,366.0,1.3254464288099196e-11,74,0,16,True,reference,mlp
TSFGA(majority),TSFGA(seed0),90,0.03478927951088919,0.036138496350565985,1087.0,0.00011120163753530644,59,0,31,True,reference,mlp
TSFGA(majority),ALL,90,0.09741506908123498,0.08712846053904605,0.0,1.7437900167092118e-16,90,0,0,True,reference,svr
TSFGA(majority),TSFGA(seed0),90,0.04368892117367102,0.043880840434947666,86.0,2.9627412499054774e-15,84,0,6,True,reference,svr
TSFGA(majority),ALL,90,0.0556978702919725,0.045854575003569986,137.0,1.503224891140731e-14,82,0,8,True,reference,dt
TSFGA(majority),TSFGA(seed0),90,0.011419207547966366,0.005158536018136817,918.0,0.000110351086249803,55,6,29,True,reference,dt
