process,regressor,features,n_features,MRA,MAE,RMSE,MAPE,R2,MRA_std
lithography,rf,ALL,54,0.7085799768098985,4.131938372130545,6.963472451534053,31.15787029352438,0.6048741148219604,0.057574521325641115
lithography,rf,TSFGA(seed0),8,0.741763540803167,3.6529661678181875,6.343524743619263,26.54387327754964,0.6691133297000563,0.04201677606587459
lithography,rf,TSFGA(majority),4,0.7618379012897252,3.3612263760962398,5.929574848859273,23.86606480366926,0.7058280132010277,0.04407578080230409
lithography,lgbm,ALL,54,0.7258811970130028,3.8766961713609804,6.618348562469994,28.068464994138093,0.6467682158877535,0.05111082281963321
lithography,lgbm,TSFGA(seed0),8,0.7231438850600955,3.926511088546636,6.481830729337861,29.478789901127755,0.6576140119418276,0.046722935707517864
lithography,lgbm,TSFGA(majority),4,0.7440714657957386,3.628054352541306,6.12744031760318,26.670999922195296,0.696079820343494,0.041701532540693476
lithography,mlp,ALL,54,0.686020939427926,4.44780631976242,7.1059328572856435,32.859744772748186,0.5943833642817403,0.05831244539309685
lithography,mlp,TSFGA(seed0),8,0.7026316403644199,4.241580956380956,6.616208129399909,33.22494491294213,0.6511266107490615,0.06786751227443538
lithography,mlp,TSFGA(majority),4,0.7430289375139518,3.6682596432067043,6.071298753197057,25.655312519141795,0.7021585201894279,0.05747269991263663
lithography,svr,ALL,54,0.7070503973379328,4.160452706591839,7.620192974980517,28.85083016062896,0.5419523765179073,0.02942007515397106
lithography,svr,TSFGA(seed0),8,0.74407962059727,3.6272932819525807,6.587363620291312,25.328053314098902,0.6541636997025171,0.024774451607236538
lithography,svr,TSFGA(majority),4,0.7866595730278996,3.0194774297746796,5.6359260726657725,19.8372307058744,0.7424334267982869,0.02451330492816801
lithography,dt,ALL,54,0.6338516484618713,5.131060857565178,8.689059555166988,36.96052694412828,0.36949044220355204,0.06291896213761364
lithography,dt,TSFGA(seed0),8,0.6885902413726953,4.4026791385553565,7.539135753448256,31.69212940057093,0.5464610936176331,0.05409602818911466
lithography,dt,TSFGA(majority),4,0.7138953212395798,4.048841877368159,6.995284318027635,29.114025859337467,0.6076390913570419,0.049925536196870776
implantation,rf,ALL,54,0.6692300195635489,8.780148961615748,15.54874287855434,36.24812504679036,0.6826697058162178,0.04717936388987366
implantation,rf,TSFGA(seed0),9,0.7067873412346479,7.842308676590374,14.330381064320685,29.539444130460797,0.7360566478573564,0.04362183766620601
implantation,rf,TSFGA(majority),4,0.716871643953215,7.583764941847189,13.890760650265205,28.285266802596837,0.7519611675500149,0.04096790124505575
implantation,lgbm,ALL,54,0.6971070109745633,8.144118095542344,14.209527576733214,33.190367809859474,0.7391226307910478,0.033342141882748345
implantation,lgbm,TSFGA(seed0),9,0.7008929889171774,7.983175808195167,13.88863715074327,32.97395732747898,0.7502041505805482,0.03484095584107609
implantation,lgbm,TSFGA(majority),4,0.7015092112559949,7.981380912497813,13.809360415943027,32.301205209444205,0.7543832753104652,0.03481300685790728
implantation,mlp,ALL,54,0.6018703302521473,10.58883683885088,16.8122016841082,48.61040481567688,0.6262566124118013,0.07132115849033367
implantation,mlp,TSFGA(seed0),9,0.5923925815729859,10.92238727297568,19.331127382617105,45.83714654406343,0.49817716487955965,0.10455727074287068
implantation,mlp,TSFGA(majority),4,0.6885728192461366,8.336648032419768,14.696590201721067,33.76306302216468,0.7145168427714815,0.0701146950466011
implantation,svr,ALL,54,0.5762935372633264,11.592782147572324,23.42984045662122,36.31645337857326,0.31828784199543064,0.06678518427275175
implantation,svr,TSFGA(seed0),9,0.6326288536751263,9.927283136719371,19.833194761682158,35.01142166442942,0.4984924190242197,0.04362811902534697
implantation,svr,TSFGA(majority),4,0.704018102188544,7.995411539633563,16.643804936027713,24.73430550672978,0.6428532592193286,0.04630938051833724
implantation,dt,ALL,54,0.6032438684606892,10.556887171893994,19.380103049590602,40.00914058760017,0.5066689549297724,0.06421974847501682
implantation,dt,TSFGA(seed0),9,0.6403429193210852,9.660514533745973,17.983932089555044,35.4737992864773,0.5855116902880779,0.052198326009157525
implantation,dt,TSFGA(majority),4,0.6539834169729531,9.303251953653811,17.385292890303152,33.794478671914185,0.6126707171398172,0.04865340322481114
etching,rf,ALL,54,0.7494106771199074,2.8721874256988045,4.771686697938487,26.584796254904187,0.7477536168331287,0.033314290600799365
etching,rf,TSFGA(seed0),7,0.7546629149667552,2.8062383444323076,4.6032637882828285,25.97243751787968,0.7609150103124044,0.03655370346434616
etching,rf,TSFGA(majority),2,0.7551305064362208,2.7915888795935753,4.543284043718915,25.291504488771032,0.763286183768218,0.03282395838056295
etching,lgbm,ALL,54,0.758142166695939,2.799425943257414,4.843988285414783,24.84611000369636,0.7412278212260778,0.04391379150569995
etching,lgbm,TSFGA(seed0),7,0.7283829689063445,3.116700361532588,5.099446027208873,29.63089553833108,0.7055306475502477,0.03560377810999902
etching,lgbm,TSFGA(majority),2,0.7417472816429244,2.9456610151827514,4.841909160870738,27.147101462756364,0.725449140765903,0.039369800386197015
etching,mlp,ALL,54,0.6870190803892687,3.5600106554755984,5.344320819987505,35.04440699913987,0.6668238903804387,0.04751537302799986
etching,mlp,TSFGA(seed0),7,0.6996037854896415,3.4568632125124017,5.251898289603137,34.209088612677036,0.6891825865641629,0.05293688784242699
etching,mlp,TSFGA(majority),2,0.7399424521228,2.960424877448728,4.861010415652481,27.54126362195005,0.728086700725243,0.042560871599587824
etching,svr,ALL,54,0.6930237573598081,3.5615918157143236,6.2353166993977185,29.5738542029624,0.5753066656482567,0.0399837202713845
etching,svr,TSFGA(seed0),7,0.7056671182049623,3.3818932569172597,5.711743891981913,29.98610148243484,0.6299790463800299,0.03769159213873907
etching,svr,TSFGA(majority),2,0.7743937033872593,2.5831807676856124,4.5313496146169605,21.963283614087565,0.7619815799775478,0.029399240670411757
etching,dt,ALL,54,0.6866940191245752,3.5505753986453112,6.119005314118693,31.218000888212543,0.5600780172809237,0.041884746632907734
etching,dt,TSFGA(seed0),7,0.7071137968390053,3.3167218485700305,5.708477547640426,29.4025741739065,0.6238051190062316,0.04031417220325565
etching,dt,TSFGA(majority),2,0.7219477850463619,3.1561546502744497,5.369907608556907,28.28440169150706,0.666961657057165,0.04270639116320551
metalization,rf,ALL,54,0.7020288760642119,8.086638318138805,14.330227469565614,34.68178218000271,0.7114374830588311,0.04194484368730141
metalization,rf,TSFGA(seed0),6,0.7485077432944813,6.798386457267475,12.459190227491824,27.192415531753948,0.7805186583694446,0.03062410765777637
metalization,rf,TSFGA(majority),3,0.74187102868045,6.985941404552523,12.657715473068423,28.27920496991016,0.7738163283228477,0.032945909486081386
metalization,lgbm,ALL,54,0.7070120490395906,7.945480883829116,14.100409060490826,33.89500562004058,0.7215289853691609,0.045249418681530505
metalization,lgbm,TSFGA(seed0),6,0.7082958470220664,7.860231584686589,13.713280686876713,32.43682235266502,0.7291220867744616,0.045384995834698724
metalization,lgbm,TSFGA(majority),3,0.6863023664789355,8.478685943497025,14.438249159585355,36.938302589572245,0.7007666884737962,0.04011697852435749
metalization,mlp,ALL,54,0.6166877987302957,10.406742382842681,16.744836030852486,47.01775015655614,0.6009999697196076,0.06194378532466899
metalization,mlp,TSFGA(seed0),6,0.6604910924296293,9.091069858552816,14.70031183252423,44.80224841527127,0.6880907911593892,0.09461611047788727
metalization,mlp,TSFGA(majority),3,0.6848142683404496,8.529825446529383,14.71566357722384,35.94814443101869,0.6921953680269319,0.04692765385752476
metalization,svr,ALL,54,0.5959962863694879,11.212893662420164,21.97105151828749,38.29196869160721,0.363547967317323,0.07949972466468624
metalization,svr,TSFGA(seed0),6,0.705601798470037,8.021140840431602,17.150086817720748,27.651396920034735,0.60118813002463,0.054372919018729565
metalization,svr,TSFGA(majority),3,0.706901639356008,7.9562514213715,16.24394226250657,28.38869994462996,0.638978405153497,0.057804372196809624
metalization,dt,ALL,54,0.622208166433511,10.227170381253504,17.54409652237606,39.60119575311755,0.5605902531362371,0.061580750661937134
metalization,dt,TSFGA(seed0),6,0.6887929794583435,8.371180052469514,14.981594755303945,33.32017459132865,0.6662892071555573,0.04638047466895344
metalization,dt,TSFGA(majority),3,0.6880686179415593,8.400753510160929,14.928961745859299,33.779325772051976,0.6707700795237731,0.04725513757248817
deposition,rf,ALL,54,0.6597141466270061,7.299066693150487,13.242476724089029,41.08559689740614,0.6581337694283446,0.051091398549729314
deposition,rf,TSFGA(seed0),9,0.6885355201297504,6.68604025033879,12.381850391451449,34.6589448023108,0.7000040563012784,0.05180162941340994
deposition,rf,TSFGA(majority),4,0.6942904401869429,6.569376114342194,12.361713698210755,33.419732118415645,0.7009407324385091,0.05149225151385436
deposition,lgbm,ALL,54,0.6522465289447426,7.536813209110838,13.457122506900653,44.432308354249905,0.6557136279819666,0.06570687142846678
deposition,lgbm,TSFGA(seed0),9,0.6643312216005135,7.268087805946981,12.6175099518146,41.303511453841814,0.6923933252117997,0.05286191007007616
deposition,lgbm,TSFGA(majority),4,0.6461370227221773,7.642934393937753,12.99880258533626,44.214508537488044,0.6735668341083543,0.051288565459036733
deposition,mlp,ALL,54,0.5555433455065817,9.593984880264918,15.375151517447064,58.54287638840269,0.5340142372808294,0.08539057907618638
deposition,mlp,TSFGA(seed0),9,0.6465310276640288,7.628088740029747,12.105782327708328,46.844319804863694,0.7119989925436341,0.061297407907847205
deposition,mlp,TSFGA(majority),4,0.6412306145365598,7.683164727814589,12.740994847404433,42.11238680616611,0.6707971046511847,0.08788572171105558
deposition,svr,ALL,54,0.584777914655351,9.077178109972996,17.96144623444264,40.94755845674345,0.3950903943163571,0.06283423425604663
deposition,svr,TSFGA(seed0),9,0.6464663220092539,7.647786961088216,14.941353218045117,38.405143558859635,0.5681787680118418,0.04847807816475702
deposition,svr,TSFGA(majority),4,0.6933911939129338,6.622207478339224,13.241299922274958,31.091170409563087,0.6607564925693932,0.036205483290648315
deposition,dt,ALL,54,0.5666992061215482,9.327181973025864,17.857331857262828,44.03598911003408,0.3741740999289781,0.08833222458799814
deposition,dt,TSFGA(seed0),9,0.6018777975159307,8.563283842897247,15.720386538070738,41.19933901566246,0.5071122032448229,0.06694048358519669
deposition,dt,TSFGA(majority),4,0.6111811519507581,8.36436511100069,15.502022020135234,39.88573154598653,0.5220100021717405,0.067187525355712
planarization,rf,ALL,54,0.6882124354106606,6.232081827003282,10.727848651096668,34.24819396977275,0.6071415821083573,0.04898282972114367
planarization,rf,TSFGA(seed0),7,0.7291460445046873,5.418317908268496,9.713246442744042,28.145182447030034,0.6840835162811528,0.04187205591625736
planarization,rf,TSFGA(majority),4,0.7381735581035207,5.2420960556894105,9.536671518678332,26.856686906408065,0.6944340822276357,0.04309883625535082
planarization,lgbm,ALL,54,0.7077255070816193,5.825515679653493,10.445714483235955,30.859176316829735,0.6280200214848634,0.05115030572750856
planarization,lgbm,TSFGA(seed0),7,0.7173843336533047,5.652382970540178,9.886366806084332,29.711673494419355,0.6759378608155218,0.05673452111331855
planarization,lgbm,TSFGA(majority),4,0.7216290271587064,5.570827136721683,9.782118627319862,28.8051201297355,0.6852319443000108,0.048893423373050734
planarization,mlp,ALL,54,0.691871901603312,6.099745364188106,9.731642322597883,34.86459327873785,0.6800048289638931,0.03826884264099097
planarization,mlp,TSFGA(seed0),7,0.7040973762450993,5.8583079125044435,10.43046419717948,31.52256809820342,0.6224685207973079,0.06662380401689698
planarization,mlp,TSFGA(majority),4,0.7168940890712422,5.62534146028702,9.732467972811143,29.8278774780304,0.6873782456550654,0.044498054966176995
planarization,svr,ALL,54,0.6800286540607473,6.472062616159378,12.672112387731248,30.05368277209952,0.4919546456664962,0.05357506422672179
planarization,svr,TSFGA(seed0),7,0.7250837215353879,5.517451137409518,11.238609009170009,25.033089649770087,0.5942929607587629,0.037278882147314375
planarization,svr,TSFGA(majority),4,0.7562967496614191,4.905740072370664,10.188397077291578,21.00567584984368,0.6644578209150509,0.0472883699630132
planarization,dt,ALL,54,0.6133111509036413,7.74287036729787,12.771078461353454,40.82784290726239,0.44069935204358296,0.06328608012915261
planarization,dt,TSFGA(seed0),7,0.6649623014628132,6.7017288673993916,11.402222165881028,34.69251623242882,0.5573971419509481,0.04625122170197338
planarization,dt,TSFGA(majority),4,0.6711189881064591,6.559986278768068,11.321162584092288,33.68316875878458,0.5655529997787324,0.0429784170648487
