param,value,process,MRA_mean,MRA_std,PRF_mean,PRF_std,n_selected_mean,n_selected_std,CFS_mean,CFS_std,time_s_mean,time_s_std
ga.pc,0.3,deposition,0.6890439861800002,0.0037682627084032008,0.882716049382716,0.028287504289850884,6.333333333333333,1.5275252316519468,0.6182437554624642,0.05293940220239596,5339.742925633337,877.4572994245084
ga.pc,0.3,etching,0.7743499719387662,0.011154247606537257,0.882716049382716,0.021383343303319455,6.333333333333333,1.1547005383792517,0.5682969810541276,0.0388199807090807,5719.372596866665,1426.5637355051194
ga.pc,0.3,implantation,0.702872393043095,0.005842019032219344,0.8703703703703703,0.04899539464934424,7.0,2.6457513110645907,0.6120533121243757,0.0879798274363649,3693.0498252333346,1349.827045809715
ga.pc,0.3,lithography,0.7463335574246276,0.009409242074587987,0.8765432098765432,0.04276668660663891,6.666666666666667,2.309401076758503,0.6027562011768998,0.05514468355804978,3664.1165212,156.72002130402703
ga.pc,0.3,metalization,0.7345765037420975,0.01186552321797624,0.882716049382716,0.021383343303319487,6.333333333333333,1.1547005383792515,0.5851045783245531,0.04381380572460244,6222.040121199997,1396.382830397892
ga.pc,0.3,planarization,0.7225929557916396,0.01897414552733848,0.8518518518518517,0.01851851851851849,8.0,1.0,0.5733295574402812,0.03701712103135038,5314.690827433333,481.7960941244237
ga.pc,0.5,deposition,0.6838131457686195,0.010414418499041768,0.8456790123456791,0.010691671651659759,8.333333333333334,0.5773502691896258,0.5698306105690782,0.053186049440527246,4713.844368733349,2662.7484255662
ga.pc,0.5,etching,0.7610371647678517,0.006024683186101502,0.8765432098765432,0.010691671651659703,6.666666666666667,0.5773502691896258,0.5154306934521364,0.00644824804033728,3958.2023688333575,862.6738117025265
ga.pc,0.5,implantation,0.7045606276302715,0.004719378775892426,0.8580246913580246,0.02138334330331943,7.666666666666667,1.1547005383792517,0.5675797559099013,0.041856313872393414,5063.834451733332,1205.6989738468483
ga.pc,0.5,lithography,0.7402910694245572,0.008700940282742918,0.8580246913580246,0.010691671651659712,7.666666666666667,0.5773502691896257,0.539363698535274,0.031107895168610438,3938.9603859999916,2115.4389796498504
ga.pc,0.5,metalization,0.7330123619550027,0.01418266033642127,0.8765432098765432,0.02138334330331943,6.666666666666667,1.1547005383792517,0.5433173364464373,0.04102663014651526,5229.573539299988,2503.91554137682
ga.pc,0.5,planarization,0.7144357574111329,0.016122166451050794,0.8765432098765432,0.028287504289850874,6.666666666666667,1.5275252316519468,0.5841780790885255,0.07421038528407364,4227.259483466682,1692.054223845284
ga.pc,0.8,deposition,0.692801774726194,0.010213497772335168,0.8271604938271605,0.02828750428985088,9.333333333333334,1.5275252316519468,0.5647157633399019,0.05293040817266433,4882.883336100004,1456.474883306799
ga.pc,0.8,etching,0.7686692864202122,0.007517954605746914,0.8703703703703703,0.0,7.0,0.0,0.526755664478651,0.05787815493699952,3372.833865500002,169.76986952910724
ga.pc,0.8,implantation,0.6971138562228467,0.004894533714985245,0.8456790123456791,0.028287504289850857,8.333333333333334,1.5275252316519465,0.5429114680491045,0.008527865372614985,5487.419136099998,2041.1256078616552
ga.pc,0.8,lithography,0.7427719773061284,0.006149040156319294,0.8148148148148149,0.018518518518518573,10.0,1.0,0.47336661782052064,0.031123331736272013,4723.5885188,1579.644847637384
ga.pc,0.8,metalization,0.7290104908310711,0.012926773226951868,0.8518518518518517,0.03703703703703698,8.0,2.0,0.568799315193564,0.08348770425937317,3793.8886118999994,739.6851307450826
ga.pc,0.8,planarization,0.7202431542926453,0.0016718899319461934,0.8395061728395062,0.010691671651659672,8.666666666666666,0.5773502691896258,0.5544742472083434,0.020307978042499217,2872.2563326666664,197.48298960163825
ga.pm,0.05,deposition,0.6959137544647437,0.008905458920198726,0.8950617283950617,0.010691671651659783,5.666666666666667,0.5773502691896258,0.6376828115431815,0.06170458047644162,4673.168898266667,755.9622014401248
ga.pm,0.05,etching,0.7870364921365071,0.0017967444033868095,0.8950617283950617,0.010691671651659783,5.666666666666667,0.5773502691896257,0.6275671414351828,0.07306608886609076,3639.7015496000045,463.49641819403064
ga.pm,0.05,implantation,0.7118669321643613,0.0030750511061369656,0.888888888888889,0.03207501495497924,6.0,1.7320508075688772,0.6628924618563846,0.05701225338790593,4906.611596566666,1124.2783627744363
ga.pm,0.05,lithography,0.7511538371971582,0.00693916777333934,0.8888888888888888,0.0,6.0,0.0,0.6187717874994467,0.026784780808837963,2899.2593104333305,149.58500633851014
ga.pm,0.05,metalization,0.7417234774538929,0.004462286498895868,0.9074074074074074,0.01851851851851853,5.0,1.0,0.6791149141208797,0.025121905003414425,4713.906251033336,734.7976878343565
ga.pm,0.05,planarization,0.7347917077842586,0.00281070545145005,0.8950617283950617,0.021383343303319546,5.666666666666667,1.1547005383792517,0.7054248293036296,0.049013597974009816,3772.6260405000016,1065.5398723124654
ga.pm,0.1,deposition,0.6838131457686195,0.010414418499041768,0.8456790123456791,0.010691671651659759,8.333333333333334,0.5773502691896258,0.5698306105690782,0.053186049440527246,4713.844368733349,2662.7484255662
ga.pm,0.1,etching,0.7610371647678517,0.006024683186101502,0.8765432098765432,0.010691671651659703,6.666666666666667,0.5773502691896258,0.5154306934521364,0.00644824804033728,3958.2023688333575,862.6738117025265
ga.pm,0.1,implantation,0.7045606276302715,0.004719378775892426,0.8580246913580246,0.02138334330331943,7.666666666666667,1.1547005383792517,0.5675797559099013,0.041856313872393414,5063.834451733332,1205.6989738468483
ga.pm,0.1,lithography,0.7402910694245572,0.008700940282742918,0.8580246913580246,0.010691671651659712,7.666666666666667,0.5773502691896257,0.539363698535274,0.031107895168610438,3938.9603859999916,2115.4389796498504
ga.pm,0.1,metalization,0.7330123619550027,0.01418266033642127,0.8765432098765432,0.02138334330331943,6.666666666666667,1.1547005383792517,0.5433173364464373,0.04102663014651526,5229.573539299988,2503.91554137682
ga.pm,0.1,planarization,0.7144357574111329,0.016122166451050794,0.8765432098765432,0.028287504289850874,6.666666666666667,1.5275252316519468,0.5841780790885255,0.07421038528407364,4227.259483466682,1692.054223845284
ga.pm,0.2,deposition,0.6847819147961486,0.008961551832722727,0.8209876543209877,0.010691671651659759,9.666666666666666,0.5773502691896258,0.5291152393325952,0.03208197409327312,3232.399793133329,1065.5888821427297
ga.pm,0.2,etching,0.763390906302006,0.0028084275252570384,0.8209876543209876,0.0385493703604839,9.666666666666666,2.0816659994661326,0.46751270451129345,0.050061357976438715,2405.6683104666686,355.78365118735144
ga.pm,0.2,implantation,0.6946148512303502,0.005002438521146913,0.7962962962962963,0.03207501495497922,11.0,1.7320508075688772,0.4895283408205781,0.025162132330975914,3479.136571766663,225.149313495508
ga.pm,0.2,lithography,0.7347163528206341,0.013224186730536583,0.8209876543209876,0.04276668660663896,9.666666666666666,2.3094010767585034,0.5053595004304627,0.056934813247167364,4501.616361433339,944.3379513170412
ga.pm,0.2,metalization,0.7257349951781561,0.006698231013886889,0.8209876543209877,0.010691671651659703,9.666666666666666,0.5773502691896255,0.47788184047387866,0.004522408534668513,3171.034888533332,743.0424935415598
ga.pm,0.2,planarization,0.7094565461667516,0.009157093560739371,0.8148148148148149,0.03207501495497922,10.0,1.7320508075688772,0.5342384125797165,0.022418769277596343,3101.225962466662,1387.6348387482115
ga.pop_size,40.0,deposition,0.6786278553215723,0.013941050437776997,0.8641975308641975,0.038549370360483975,7.333333333333333,2.081665999466133,0.5270531911206455,0.06407455418587926,2180.2453054999983,703.5544588966393
ga.pop_size,40.0,etching,0.7761332673119906,0.017274203597833805,0.8765432098765432,0.04660391626710338,6.666666666666667,2.516611478423583,0.5806756397779999,0.022990335351418686,3029.420068933335,557.2632136601961
ga.pop_size,40.0,implantation,0.7040027290110124,0.006328592351940489,0.882716049382716,0.021383343303319504,6.333333333333333,1.1547005383792517,0.6282320465895083,0.028136233812861577,2885.642184166667,598.8249761621321
ga.pop_size,40.0,lithography,0.7405480260361211,0.01640149065646802,0.8580246913580246,0.028287504289850798,7.666666666666667,1.5275252316519465,0.582986485904542,0.06711881960203073,2644.762159933331,1081.3263663613282
ga.pop_size,40.0,metalization,0.7360245343848403,0.006327974436944917,0.8641975308641975,0.046603916267103425,7.333333333333333,2.516611478423583,0.5708893643492667,0.026473511615631103,1937.7175742666684,537.3734311518117
ga.pop_size,40.0,planarization,0.7261569044369082,0.006460493269441502,0.8456790123456791,0.010691671651659759,8.333333333333334,0.5773502691896258,0.6072889803831172,0.03861386135183374,1630.698388033333,234.992244141183
ga.pop_size,80.0,deposition,0.6838131457686195,0.010414418499041768,0.8456790123456791,0.010691671651659759,8.333333333333334,0.5773502691896258,0.5698306105690782,0.053186049440527246,4713.844368733349,2662.7484255662
ga.pop_size,80.0,etching,0.7610371647678517,0.006024683186101502,0.8765432098765432,0.010691671651659703,6.666666666666667,0.5773502691896258,0.5154306934521364,0.00644824804033728,3958.2023688333575,862.6738117025265
ga.pop_size,80.0,implantation,0.7045606276302715,0.004719378775892426,0.8580246913580246,0.02138334330331943,7.666666666666667,1.1547005383792517,0.5675797559099013,0.041856313872393414,5063.834451733332,1205.6989738468483
ga.pop_size,80.0,lithography,0.7402910694245572,0.008700940282742918,0.8580246913580246,0.010691671651659712,7.666666666666667,0.5773502691896257,0.539363698535274,0.031107895168610438,3938.9603859999916,2115.4389796498504
ga.pop_size,80.0,metalization,0.7330123619550027,0.01418266033642127,0.8765432098765432,0.02138334330331943,6.666666666666667,1.1547005383792517,0.5433173364464373,0.04102663014651526,5229.573539299988,2503.91554137682
ga.pop_size,80.0,planarization,0.7144357574111329,0.016122166451050794,0.8765432098765432,0.028287504289850874,6.666666666666667,1.5275252316519468,0.5841780790885255,0.07421038528407364,4227.259483466682,1692.054223845284
ga.pop_size,120.0,deposition,0.6825970584511372,0.002135678608418774,0.8580246913580248,0.04276668660663897,7.666666666666667,2.309401076758503,0.5537073490826221,0.043002639737599026,5396.980815966667,854.0357475013399
ga.pop_size,120.0,etching,0.7709202404495774,0.0020376168630331596,0.8888888888888888,0.03207501495497922,6.0,1.7320508075688772,0.5862108975016813,0.04282749369827195,8672.760784133336,2394.559240618975
ga.pop_size,120.0,implantation,0.7032510977648011,0.009080395236708531,0.8518518518518517,0.03207501495497916,8.0,1.7320508075688772,0.5655056117359138,0.04557850391749084,7940.9378930333305,3212.370822323024
ga.pop_size,120.0,lithography,0.7540072191031294,0.001522440647372628,0.8641975308641975,0.02138334330331943,7.333333333333333,1.1547005383792517,0.5567686362060918,0.06167549130686548,9340.148405566666,1673.0036091596248
ga.pop_size,120.0,metalization,0.739348296872479,0.00337411008750678,0.8703703703703703,0.01851851851851849,7.0,1.0,0.6173991846941981,0.010165719776306372,8756.2719465,1924.433065043169
ga.pop_size,120.0,planarization,0.7219996195774575,0.009504831425465413,0.8580246913580246,0.028287504289850798,7.666666666666667,1.5275252316519465,0.5881889626092717,0.024206291377387317,8667.356830833332,2028.2592608551324
lambda,0.5,deposition,0.6849479014727061,0.008775644438857972,0.9074074074074074,0.01851851851851853,5.0,1.0,0.6441701293371267,0.051543273356184624,4494.681829066675,1057.2487911536348
lambda,0.5,etching,0.7687813695808859,0.002677213282495007,0.9074074074074074,0.01851851851851853,5.0,1.0,0.5788585676020115,0.04414775418880062,3772.155233033331,1149.5948198479634
lambda,0.5,implantation,0.6957299105115041,0.02064067919835528,0.9012345679012346,0.021383343303319546,5.333333333333333,1.1547005383792517,0.586987492063611,0.05354783765451565,4189.676627466649,860.5643456999277
lambda,0.5,lithography,0.7114315942344757,0.01292406146650957,0.9259259259259259,0.01851851851851849,4.0,1.0,0.6160389011651105,0.05954821883439062,5229.007604100004,1480.513301439669
lambda,0.5,metalization,0.729017909318303,0.01773484002181874,0.9197530864197532,0.010691671651659672,4.333333333333333,0.5773502691896257,0.6334767494919537,0.07413745028083099,5184.371652300004,1510.8412620713148
lambda,0.5,planarization,0.6875113508873198,0.008382699723034072,0.8950617283950617,0.010691671651659783,5.666666666666667,0.5773502691896257,0.541354958677394,0.04605775239343272,3732.6532985999947,617.5416851908483
lambda,1.0,deposition,0.6581119331960178,0.014587930813093373,0.882716049382716,0.010691671651659712,6.333333333333333,0.5773502691896257,0.5255530624817677,0.0216708544957668,5168.908557499973,1995.306273358397
lambda,1.0,etching,0.7703737569535379,0.011932472239244497,0.8950617283950617,0.010691671651659783,5.666666666666667,0.5773502691896257,0.6179369013318463,0.03746246047801808,4962.4763617000035,1563.1987262644834
lambda,1.0,implantation,0.7020957726011394,0.009974875832748928,0.8580246913580246,0.02138334330331943,7.666666666666667,1.1547005383792517,0.5576900206854638,0.031228561225597806,3284.4152702333326,1016.3404593678908
lambda,1.0,lithography,0.7291389590854075,0.006649882060292009,0.9012345679012346,0.021383343303319546,5.333333333333333,1.1547005383792517,0.5781491236403954,0.06002214638969621,3879.4071028666804,1049.3585378405744
lambda,1.0,metalization,0.7206659826487165,0.012947411417905707,0.8950617283950617,0.010691671651659783,5.666666666666667,0.5773502691896258,0.527512099155984,0.08459152814454869,4605.857550966651,2144.560578800856
lambda,1.0,planarization,0.7060544526580488,0.01363079559958942,0.8888888888888888,0.0,6.0,0.0,0.5887204493344973,0.052610824320543946,3840.378185199981,199.97400712963073
lambda,2.0,deposition,0.6838131457686195,0.010414418499041768,0.8456790123456791,0.010691671651659759,8.333333333333334,0.5773502691896258,0.5698306105690782,0.053186049440527246,4713.844368733349,2662.7484255662
lambda,2.0,etching,0.7610371647678517,0.006024683186101502,0.8765432098765432,0.010691671651659703,6.666666666666667,0.5773502691896258,0.5154306934521364,0.00644824804033728,3958.2023688333575,862.6738117025265
lambda,2.0,implantation,0.7045606276302715,0.004719378775892426,0.8580246913580246,0.02138334330331943,7.666666666666667,1.1547005383792517,0.5675797559099013,0.041856313872393414,5063.834451733332,1205.6989738468483
lambda,2.0,lithography,0.7402910694245572,0.008700940282742918,0.8580246913580246,0.010691671651659712,7.666666666666667,0.5773502691896257,0.539363698535274,0.031107895168610438,3938.9603859999916,2115.4389796498504
lambda,2.0,metalization,0.7330123619550027,0.01418266033642127,0.8765432098765432,0.02138334330331943,6.666666666666667,1.1547005383792517,0.5433173364464373,0.04102663014651526,5229.573539299988,2503.91554137682
lambda,2.0,planarization,0.7144357574111329,0.016122166451050794,0.8765432098765432,0.028287504289850874,6.666666666666667,1.5275252316519468,0.5841780790885255,0.07421038528407364,4227.259483466682,1692.054223845284
lambda,5.0,deposition,0.6903689665658806,0.00044055160564255164,0.8456790123456791,0.04660391626710338,8.333333333333334,2.516611478423583,0.5708282689450765,0.060139413796208525,4645.746002399978,1206.5453246213076
lambda,5.0,etching,0.7793880496008255,0.004926779493854017,0.808641975308642,0.05952870840119111,10.333333333333334,3.2145502536643185,0.5012830789777633,0.026363387990460917,3094.097403033326,1252.381127122728
lambda,5.0,implantation,0.7069804209144767,0.0026516656701329492,0.8641975308641975,0.010691671651659672,7.333333333333333,0.5773502691896257,0.5780006165555527,0.015549986783776878,5844.904052100009,1147.5092850281671
lambda,5.0,lithography,0.7474912365365091,0.0049506280345,0.8456790123456791,0.04660391626710338,8.333333333333334,2.5166114784235836,0.5600747322292169,0.04878737803727378,5794.5643985666875,2238.2792063381257
lambda,5.0,metalization,0.7395794587023334,0.004607549901525085,0.8641975308641975,0.010691671651659703,7.333333333333333,0.5773502691896258,0.5782912365324725,0.04292747583254674,6609.856999600001,1238.1644714296388
lambda,5.0,planarization,0.7232520916849174,0.009941043808399323,0.8641975308641975,0.02828750428985078,7.333333333333333,1.5275252316519468,0.6274570664103077,0.06794915089720628,4455.691626533342,1202.116941519534
lambda,10.0,deposition,0.6908144363367247,0.00785874891815483,0.8024691358024691,0.028287504289850888,10.666666666666666,1.5275252316519465,0.5332821295204786,0.032529074381977656,4161.547411433331,1047.5494229459061
lambda,10.0,etching,0.7776947110568025,0.0025753459833654144,0.8271604938271605,0.028287504289850857,9.333333333333334,1.5275252316519465,0.5633832892213584,0.0508158070373118,5220.890453033324,2292.2823311888606
lambda,10.0,implantation,0.707629430980851,0.003823314446517165,0.8395061728395062,0.028287504289850832,8.666666666666666,1.5275252316519468,0.5631564446607537,0.04432016777613901,4439.569748666647,1545.9341648728694
lambda,10.0,lithography,0.7499368836763303,0.002320395721998505,0.8333333333333334,0.018518518518518462,9.0,1.0,0.5426831871301445,0.01882185114094894,4759.936243066663,1115.9973605960133
lambda,10.0,metalization,0.7383761838578412,0.0035588307340757392,0.8148148148148149,0.01851851851851853,10.0,1.0,0.5479994613622343,0.011846119925565968,3962.749798866668,2760.7342900595077
lambda,10.0,planarization,0.7225767015700623,0.003947018380655664,0.8209876543209877,0.010691671651659759,9.666666666666666,0.5773502691896258,0.5827358516852837,0.03025128430395369,4266.0349084,1591.241546243079
pcc_threshold,0.7,deposition,0.6882595753479536,0.013605246363132609,0.8765432098765432,0.02828750428985085,6.666666666666667,1.5275252316519465,0.5939997410727597,0.05219098012587227,3981.0648417999982,1258.3636216490877
pcc_threshold,0.7,etching,0.7637927807824204,0.005575900882786274,0.8888888888888888,0.04899539464934427,6.0,2.6457513110645907,0.5649790020542403,0.0672756524698611,4848.0128503666665,1682.692523743584
pcc_threshold,0.7,implantation,0.704177973726089,0.005117899612238976,0.8518518518518517,0.048995394649344215,8.0,2.6457513110645907,0.5565011278947577,0.08570179340253194,4373.299428566669,2096.794544246937
pcc_threshold,0.7,lithography,0.7346065061690011,0.010877992465223195,0.8641975308641975,0.038549370360483996,7.333333333333333,2.0816659994661326,0.5430139155105908,0.030625749812031845,3875.3922120333323,2129.1809861503657
pcc_threshold,0.7,metalization,0.742499885126095,0.004659517689887442,0.8888888888888888,0.0,6.0,0.0,0.6264214634072243,0.07595108915427129,5402.37119606667,1659.2052594149006
pcc_threshold,0.7,planarization,0.7245893235798326,0.009141188878322961,0.8703703703703703,0.0,7.0,0.0,0.6030720971792476,0.027282737300340632,5560.741713766666,2011.4260322362122
pcc_threshold,0.8,deposition,0.6838131457686195,0.010414418499041768,0.8456790123456791,0.010691671651659759,8.333333333333334,0.5773502691896258,0.5698306105690782,0.053186049440527246,4713.844368733349,2662.7484255662
pcc_threshold,0.8,etching,0.7610371647678517,0.006024683186101502,0.8765432098765432,0.010691671651659703,6.666666666666667,0.5773502691896258,0.5154306934521364,0.00644824804033728,3958.2023688333575,862.6738117025265
pcc_threshold,0.8,implantation,0.7045606276302715,0.004719378775892426,0.8580246913580246,0.02138334330331943,7.666666666666667,1.1547005383792517,0.5675797559099013,0.041856313872393414,5063.834451733332,1205.6989738468483
pcc_threshold,0.8,lithography,0.7402910694245572,0.008700940282742918,0.8580246913580246,0.010691671651659712,7.666666666666667,0.5773502691896257,0.539363698535274,0.031107895168610438,3938.9603859999916,2115.4389796498504
pcc_threshold,0.8,metalization,0.7330123619550027,0.01418266033642127,0.8765432098765432,0.02138334330331943,6.666666666666667,1.1547005383792517,0.5433173364464373,0.04102663014651526,5229.573539299988,2503.91554137682
pcc_threshold,0.8,planarization,0.7144357574111329,0.016122166451050794,0.8765432098765432,0.028287504289850874,6.666666666666667,1.5275252316519468,0.5841780790885255,0.07421038528407364,4227.259483466682,1692.054223845284
pcc_threshold,0.9,deposition,0.6816123610734678,0.008155069036820329,0.8641975308641975,0.010691671651659672,7.333333333333333,0.5773502691896257,0.5582984478653504,0.1167237580347949,4136.044129666664,627.2587465196925
pcc_threshold,0.9,etching,0.7612852080601676,0.005337852971750482,0.8641975308641975,0.028287504289850832,7.333333333333333,1.5275252316519465,0.5115945527028697,0.07186239179204937,4680.794689133331,820.7741830935023
pcc_threshold,0.9,implantation,0.693612455353022,0.008381872584111631,0.8395061728395062,0.028287504289850832,8.666666666666666,1.5275252316519468,0.5137483301506651,0.054122532429608426,4298.730854866665,1332.097303923311
pcc_threshold,0.9,lithography,0.7381426769677377,0.011873692050222975,0.8703703703703703,0.01851851851851849,7.0,1.0,0.5077747900997233,0.05728853572436949,4992.127584600002,2244.930720538267
pcc_threshold,0.9,metalization,0.7262604909530173,0.0066155941601376425,0.8580246913580246,0.02138334330331943,7.666666666666667,1.1547005383792517,0.5326119395989019,0.017411557985317936,4335.291848666668,558.6971835286496
pcc_threshold,0.9,planarization,0.7184433989038691,0.01574009775493835,0.8641975308641975,0.028287504289850836,7.333333333333333,1.5275252316519465,0.5282534865554043,0.1750654682824304,4673.763371233336,2070.247660294309
pcc_threshold,1.0,deposition,0.6719641462146223,0.00805733676060608,0.8148148148148149,0.03207501495497922,10.0,1.7320508075688772,0.5040820672778475,0.023159961748900178,4599.948892366668,1579.8661471335513
pcc_threshold,1.0,etching,0.7565247352609011,0.005481600974851162,0.8395061728395062,0.046603916267103425,8.666666666666666,2.5166114784235836,0.5495351309463922,0.021800115125378862,5753.554388899999,2367.5984960063006
pcc_threshold,1.0,implantation,0.6917000621848524,0.015205288765092041,0.8209876543209876,0.038549370360483955,9.666666666666666,2.0816659994661326,0.5169939893968082,0.020403031240392045,4714.874575300001,1646.352589022448
pcc_threshold,1.0,lithography,0.7358761447948124,0.01466986139499731,0.8641975308641975,0.010691671651659719,7.333333333333333,0.5773502691896257,0.5719192443261938,0.08283252811947818,6802.044972833331,925.239101157707
pcc_threshold,1.0,metalization,0.727596183152634,0.015879970600402735,0.8333333333333334,0.0,9.0,0.0,0.5656933200719894,0.06389590482559629,4488.659898566667,1319.134886998048
pcc_threshold,1.0,planarization,0.7075515376390635,0.01651830932055522,0.8209876543209877,0.010691671651659759,9.666666666666666,0.5773502691896258,0.5374575223361361,0.10092212776072705,5762.062765233335,1765.5379815170024
