param,value,MRA,PRF,n_selected,CFS
ga.pc,0.3,0.7283,0.8745,6.7778,0.5933
ga.pc,0.5,0.7229,0.8652,7.2778,0.5533
ga.pc,0.8,0.7251,0.8416,8.5556,0.5385
ga.pm,0.05,0.7371,0.8951,5.6667,0.6552
ga.pm,0.1,0.7229,0.8652,7.2778,0.5533
ga.pm,0.2,0.7188,0.8158,9.9444,0.5006
ga.pop_size,40.0,0.7269,0.8652,7.2778,0.5829
ga.pop_size,80.0,0.7229,0.8652,7.2778,0.5533
ga.pop_size,120.0,0.7287,0.8652,7.2778,0.578
lambda,0.5,0.7129,0.9095,4.8889,0.6001
lambda,1.0,0.7144,0.8868,6.1111,0.5659
lambda,2.0,0.7229,0.8652,7.2778,0.5533
lambda,5.0,0.7312,0.8488,8.1667,0.5693
lambda,10.0,0.7312,0.823,9.5556,0.5555
pcc_threshold,0.7,0.7263,0.8735,6.8333,0.5813
pcc_threshold,0.8,0.7229,0.8652,7.2778,0.5533
pcc_threshold,0.9,0.7199,0.8601,7.5556,0.5254
pcc_threshold,1.0,0.7152,0.8323,9.0556,0.5409
