,deposition,etching,implantation,lithography,metalization,planarization
priority,0.4,0.6000000000000001,0.6000000000000001,0.6000000000000001,0.8,0.4
lot_size,0.0,0.2,0.0,0.4,0.2,0.0
n_layers,0.0,0.0,0.0,0.0,0.0,0.0
hot_lot,0.0,0.4,0.4,0.2,0.2,0.4
rework_flag,0.2,0.0,0.0,0.2,0.0,0.2
lot_age_days,0.2,0.2,0.0,0.0,0.2,0.0
tardiness,0.0,0.0,0.2,0.2,0.0,0.0
due_pct,0.0,0.0,0.2,0.0,0.0,0.0
product_mix,0.2,0.0,0.2,0.0,0.4,0.0
wip_fab,0.2,0.0,0.0,0.4,0.0,0.0
wip_area,0.0,0.0,0.0,0.0,0.0,0.0
wip_process,0.0,0.4,0.0,0.0,0.0,0.6000000000000001
wip_upstream,0.0,0.0,0.4,0.0,0.2,0.0
wip_downstream,0.0,0.0,0.2,0.0,0.2,0.0
wip_ratio,0.2,0.0,0.0,0.0,0.0,0.0
wip_fab_7d_avg,0.0,0.0,0.0,0.0,0.0,0.0
amhs_load_avg,0.0,0.0,0.2,0.0,0.0,0.0
amhs_load_min,0.2,0.0,0.0,0.0,0.0,0.0
amhs_load_max,0.0,0.0,0.0,0.0,0.2,0.0
amhs_queue,0.0,0.2,0.2,0.0,0.6000000000000001,0.2
weekend,0.4,0.6000000000000001,0.6000000000000001,0.0,0.2,0.2
holiday,0.6000000000000001,0.4,0.4,0.0,0.2,0.4
shift,0.4,0.0,0.2,0.2,0.4,0.0
day_of_week,0.2,0.0,0.0,0.0,0.0,0.2
hour,0.0,0.0,0.0,0.0,0.2,0.0
lots_released_24h,0.0,0.0,0.0,0.2,0.2,0.0
lots_out_24h,0.0,0.0,0.0,0.2,0.2,0.0
moves_per_hour,0.0,0.0,0.0,0.0,0.0,0.2
util_avg,1.0,1.0,0.0,0.0,0.0,1.0
util_min,0.0,0.0,0.0,0.0,0.0,0.0
util_max,0.0,0.0,1.0,1.0,1.0,0.0
perf_avg,0.2,0.0,0.0,0.0,0.0,0.0
perf_min,0.0,0.0,0.0,0.4,0.2,0.0
perf_max,0.2,0.6000000000000001,0.2,0.2,0.2,0.4
queue_len_avg,0.0,0.2,0.0,0.8,0.0,0.0
queue_len_min,0.8,0.0,0.2,0.0,0.0,0.0
queue_len_max,0.0,0.0,0.0,0.0,0.8,0.0
n_machines,0.4,0.0,0.0,0.0,0.0,0.2
n_machines_down,0.0,0.0,0.0,0.0,0.0,0.0
n_machines_pm,0.0,0.0,0.2,0.2,0.0,0.0
mttr,0.0,0.2,0.0,0.0,0.0,0.0
mtbf,0.0,0.0,0.0,0.0,0.0,0.2
setup_time,0.0,0.0,0.0,0.0,0.2,0.0
batch_size,0.2,0.0,0.0,0.0,0.0,0.4
recipe_changes,0.0,0.2,0.0,0.4,0.0,0.0
oee,0.0,0.4,0.0,0.0,0.2,0.0
availability,1.0,1.0,1.0,1.0,1.0,1.0
quality_rate,0.0,0.0,0.0,0.0,0.0,0.0
tool_age,0.0,0.0,0.0,0.2,0.0,0.0
chamber_count,0.0,0.2,0.2,0.0,0.2,0.0
loadport_wait,0.2,0.2,0.0,0.0,0.0,0.2
dispatch_score,0.4,0.2,0.0,0.0,0.2,0.0
alarm_count_24h,0.6000000000000001,0.2,0.0,0.4,0.2,0.0
throughput_7d,0.0,0.0,0.4,0.0,0.0,0.0
