process,method,n_seeds,jaccard_mean,n_selected_mean,n_selected_sd,core_features,n_core
lithography,ALL,5,1.0,54.0,0.0,"['priority', 'lot_size', 'n_layers', 'hot_lot', 'rework_flag', 'lot_age_days', 'tardiness', 'due_pct', 'product_mix', 'wip_fab', 'wip_area', 'wip_process', 'wip_upstream', 'wip_downstream', 'wip_ratio', 'wip_fab_7d_avg', 'amhs_load_avg', 'amhs_load_min', 'amhs_load_max', 'amhs_queue', 'weekend', 'holiday', 'shift', 'day_of_week', 'hour', 'lots_released_24h', 'lots_out_24h', 'moves_per_hour', 'util_avg', 'util_min', 'util_max', 'perf_avg', 'perf_min', 'perf_max', 'queue_len_avg', 'queue_len_min', 'queue_len_max', 'n_machines', 'n_machines_down', 'n_machines_pm', 'mttr', 'mtbf', 'setup_time', 'batch_size', 'recipe_changes', 'oee', 'availability', 'quality_rate', 'tool_age', 'chamber_count', 'loadport_wait', 'dispatch_score', 'alarm_count_24h', 'throughput_7d']",54
lithography,FILTER,5,1.0,43.0,0.0,"['priority', 'lot_size', 'n_layers', 'hot_lot', 'rework_flag', 'lot_age_days', 'tardiness', 'due_pct', 'product_mix', 'wip_fab', 'wip_upstream', 'wip_downstream', 'wip_ratio', 'amhs_load_min', 'amhs_queue', 'weekend', 'holiday', 'shift', 'day_of_week', 'hour', 'lots_released_24h', 'lots_out_24h', 'moves_per_hour', 'util_max', 'perf_avg', 'perf_min', 'perf_max', 'queue_len_avg', 'n_machines', 'n_machines_pm', 'mttr', 'mtbf', 'setup_time', 'batch_size', 'recipe_changes', 'availability', 'quality_rate', 'tool_age', 'chamber_count', 'loadport_wait', 'dispatch_score', 'alarm_count_24h', 'throughput_7d']",43
lithography,GA,5,0.13153822055137843,9.2,1.469693845669907,[],0
lithography,TSFGA,5,0.31173160173160175,7.2,1.32664991614216,"['util_max', 'availability']",2
lithography,mRMR,5,0.5577619047619048,16.4,6.740919818541087,"['util_max', 'hot_lot', 'availability', 'util_avg', 'hour']",5
lithography,MI,5,0.9224358974358976,12.4,0.8,"['util_max', 'util_avg', 'util_min', 'oee', 'availability', 'n_machines_down', 'wip_fab', 'wip_process', 'wip_fab_7d_avg', 'wip_area', 'queue_len_avg']",11
lithography,DDA,5,0.7490909090909091,9.0,0.6324555320336759,"['util_avg', 'util_max', 'n_machines_down', 'wip_process', 'availability', 'wip_fab', 'queue_len_avg']",7
lithography,PFI-SBS,5,0.815967365967366,10.8,0.9797958971132713,"['availability', 'util_avg', 'util_max', 'util_min', 'queue_len_avg', 'queue_len_min', 'queue_len_max', 'priority', 'wip_process']",9
lithography,NSGA2,5,1.0,2.0,0.0,"['util_max', 'availability']",2
implantation,ALL,5,1.0,54.0,0.0,"['priority', 'lot_size', 'n_layers', 'hot_lot', 'rework_flag', 'lot_age_days', 'tardiness', 'due_pct', 'product_mix', 'wip_fab', 'wip_area', 'wip_process', 'wip_upstream', 'wip_downstream', 'wip_ratio', 'wip_fab_7d_avg', 'amhs_load_avg', 'amhs_load_min', 'amhs_load_max', 'amhs_queue', 'weekend', 'holiday', 'shift', 'day_of_week', 'hour', 'lots_released_24h', 'lots_out_24h', 'moves_per_hour', 'util_avg', 'util_min', 'util_max', 'perf_avg', 'perf_min', 'perf_max', 'queue_len_avg', 'queue_len_min', 'queue_len_max', 'n_machines', 'n_machines_down', 'n_machines_pm', 'mttr', 'mtbf', 'setup_time', 'batch_size', 'recipe_changes', 'oee', 'availability', 'quality_rate', 'tool_age', 'chamber_count', 'loadport_wait', 'dispatch_score', 'alarm_count_24h', 'throughput_7d']",54
implantation,FILTER,5,1.0,43.0,0.0,"['priority', 'lot_size', 'n_layers', 'hot_lot', 'rework_flag', 'lot_age_days', 'tardiness', 'due_pct', 'product_mix', 'wip_area', 'wip_upstream', 'wip_downstream', 'wip_ratio', 'amhs_load_avg', 'amhs_queue', 'weekend', 'holiday', 'shift', 'day_of_week', 'hour', 'lots_released_24h', 'lots_out_24h', 'moves_per_hour', 'util_max', 'perf_avg', 'perf_min', 'perf_max', 'queue_len_min', 'n_machines', 'n_machines_pm', 'mttr', 'mtbf', 'setup_time', 'batch_size', 'recipe_changes', 'availability', 'quality_rate', 'tool_age', 'chamber_count', 'loadport_wait', 'dispatch_score', 'alarm_count_24h', 'throughput_7d']",43
implantation,GA,5,0.13670911346994938,10.2,0.9797958971132713,[],0
implantation,TSFGA,5,0.27651515151515155,7.0,0.6324555320336759,"['util_max', 'availability']",2
implantation,mRMR,5,0.7650793650793651,7.4,1.4966629547095764,"['util_max', 'n_machines_down', 'lot_age_days', 'wip_ratio', 'priority']",5
implantation,MI,5,0.593543956043956,10.8,4.1182520563948,"['util_max', 'util_avg', 'util_min', 'oee', 'availability']",5
implantation,DDA,5,0.6394638694638696,9.4,1.3564659966250536,"['util_avg', 'util_max', 'util_min', 'oee', 'n_machines_down', 'priority']",6
implantation,PFI-SBS,5,0.6584848484848485,8.6,2.5768197453450252,"['availability', 'util_avg', 'util_min', 'util_max', 'priority']",5
implantation,NSGA2,5,1.0,2.0,0.0,"['util_max', 'availability']",2
etching,ALL,5,1.0,54.0,0.0,"['priority', 'lot_size', 'n_layers', 'hot_lot', 'rework_flag', 'lot_age_days', 'tardiness', 'due_pct', 'product_mix', 'wip_fab', 'wip_area', 'wip_process', 'wip_upstream', 'wip_downstream', 'wip_ratio', 'wip_fab_7d_avg', 'amhs_load_avg', 'amhs_load_min', 'amhs_load_max', 'amhs_queue', 'weekend', 'holiday', 'shift', 'day_of_week', 'hour', 'lots_released_24h', 'lots_out_24h', 'moves_per_hour', 'util_avg', 'util_min', 'util_max', 'perf_avg', 'perf_min', 'perf_max', 'queue_len_avg', 'queue_len_min', 'queue_len_max', 'n_machines', 'n_machines_down', 'n_machines_pm', 'mttr', 'mtbf', 'setup_time', 'batch_size', 'recipe_changes', 'oee', 'availability', 'quality_rate', 'tool_age', 'chamber_count', 'loadport_wait', 'dispatch_score', 'alarm_count_24h', 'throughput_7d']",54
etching,FILTER,5,1.0,44.0,0.0,"['priority', 'lot_size', 'n_layers', 'hot_lot', 'rework_flag', 'lot_age_days', 'tardiness', 'due_pct', 'product_mix', 'wip_process', 'wip_upstream', 'wip_downstream', 'wip_ratio', 'amhs_load_avg', 'amhs_queue', 'weekend', 'holiday', 'shift', 'day_of_week', 'hour', 'lots_released_24h', 'lots_out_24h', 'moves_per_hour', 'util_avg', 'perf_avg', 'perf_min', 'perf_max', 'queue_len_avg', 'n_machines', 'n_machines_pm', 'mttr', 'mtbf', 'setup_time', 'batch_size', 'recipe_changes', 'oee', 'availability', 'quality_rate', 'tool_age', 'chamber_count', 'loadport_wait', 'dispatch_score', 'alarm_count_24h', 'throughput_7d']",44
etching,GA,5,0.20179154995331464,9.6,1.3564659966250536,['util_avg'],1
etching,TSFGA,5,0.2929720279720279,7.4,0.7999999999999999,"['util_avg', 'availability']",2
etching,mRMR,5,1.0,3.0,0.0,"['util_avg', 'n_machines_down', 'priority']",3
etching,MI,5,1.0,13.0,0.0,"['util_avg', 'util_max', 'util_min', 'oee', 'availability', 'n_machines_down', 'wip_process', 'wip_fab_7d_avg', 'wip_fab', 'wip_area', 'n_machines', 'queue_len_avg', 'priority']",13
etching,DDA,5,0.5366997953027364,10.6,1.0198039027185568,"['util_avg', 'n_machines_down', 'priority', 'weekend']",4
etching,PFI-SBS,5,0.7192857142857143,6.0,1.4142135623730951,"['availability', 'util_avg', 'n_machines_down', 'priority']",4
etching,NSGA2,5,1.0,2.0,0.0,"['util_avg', 'availability']",2
metalization,ALL,5,1.0,54.0,0.0,"['priority', 'lot_size', 'n_layers', 'hot_lot', 'rework_flag', 'lot_age_days', 'tardiness', 'due_pct', 'product_mix', 'wip_fab', 'wip_area', 'wip_process', 'wip_upstream', 'wip_downstream', 'wip_ratio', 'wip_fab_7d_avg', 'amhs_load_avg', 'amhs_load_min', 'amhs_load_max', 'amhs_queue', 'weekend', 'holiday', 'shift', 'day_of_week', 'hour', 'lots_released_24h', 'lots_out_24h', 'moves_per_hour', 'util_avg', 'util_min', 'util_max', 'perf_avg', 'perf_min', 'perf_max', 'queue_len_avg', 'queue_len_min', 'queue_len_max', 'n_machines', 'n_machines_down', 'n_machines_pm', 'mttr', 'mtbf', 'setup_time', 'batch_size', 'recipe_changes', 'oee', 'availability', 'quality_rate', 'tool_age', 'chamber_count', 'loadport_wait', 'dispatch_score', 'alarm_count_24h', 'throughput_7d']",54
metalization,FILTER,5,1.0,44.0,0.0,"['priority', 'lot_size', 'n_layers', 'hot_lot', 'rework_flag', 'lot_age_days', 'tardiness', 'due_pct', 'product_mix', 'wip_upstream', 'wip_downstream', 'wip_ratio', 'wip_fab_7d_avg', 'amhs_load_max', 'amhs_queue', 'weekend', 'holiday', 'shift', 'day_of_week', 'hour', 'lots_released_24h', 'lots_out_24h', 'moves_per_hour', 'util_max', 'perf_avg', 'perf_min', 'perf_max', 'queue_len_max', 'n_machines', 'n_machines_pm', 'mttr', 'mtbf', 'setup_time', 'batch_size', 'recipe_changes', 'oee', 'availability', 'quality_rate', 'tool_age', 'chamber_count', 'loadport_wait', 'dispatch_score', 'alarm_count_24h', 'throughput_7d']",44
metalization,GA,5,0.18958099906629317,10.8,1.16619037896906,['queue_len_max'],1
metalization,TSFGA,5,0.28102564102564104,8.6,1.0198039027185568,"['util_max', 'availability']",2
metalization,mRMR,5,0.7680402930402931,13.6,3.720215047547655,"['util_max', 'availability', 'mtbf', 'amhs_load_max', 'hot_lot', 'util_min', 'recipe_changes', 'n_machines_down', 'throughput_7d', 'util_avg', 'queue_len_max']",11
metalization,MI,5,0.8961309523809524,14.2,1.1661903789690602,"['util_max', 'util_avg', 'util_min', 'oee', 'availability', 'n_machines_down', 'wip_fab_7d_avg', 'wip_process', 'wip_fab', 'wip_area', 'queue_len_max', 'queue_len_avg', 'priority']",13
metalization,DDA,5,0.6206347818847819,9.8,1.7204650534085253,"['util_avg', 'n_machines_down', 'availability', 'queue_len_avg', 'priority', 'weekend']",6
metalization,PFI-SBS,5,0.8071428571428572,5.2,0.39999999999999997,"['availability', 'util_avg', 'priority', 'util_max']",4
metalization,NSGA2,5,1.0,2.0,0.0,"['util_max', 'availability']",2
deposition,ALL,5,1.0,54.0,0.0,"['priority', 'lot_size', 'n_layers', 'hot_lot', 'rework_flag', 'lot_age_days', 'tardiness', 'due_pct', 'product_mix', 'wip_fab', 'wip_area', 'wip_process', 'wip_upstream', 'wip_downstream', 'wip_ratio', 'wip_fab_7d_avg', 'amhs_load_avg', 'amhs_load_min', 'amhs_load_max', 'amhs_queue', 'weekend', 'holiday', 'shift', 'day_of_week', 'hour', 'lots_released_24h', 'lots_out_24h', 'moves_per_hour', 'util_avg', 'util_min', 'util_max', 'perf_avg', 'perf_min', 'perf_max', 'queue_len_avg', 'queue_len_min', 'queue_len_max', 'n_machines', 'n_machines_down', 'n_machines_pm', 'mttr', 'mtbf', 'setup_time', 'batch_size', 'recipe_changes', 'oee', 'availability', 'quality_rate', 'tool_age', 'chamber_count', 'loadport_wait', 'dispatch_score', 'alarm_count_24h', 'throughput_7d']",54
deposition,FILTER,5,1.0,43.0,0.0,"['priority', 'lot_size', 'n_layers', 'hot_lot', 'rework_flag', 'lot_age_days', 'tardiness', 'due_pct', 'product_mix', 'wip_fab', 'wip_upstream', 'wip_downstream', 'wip_ratio', 'amhs_load_min', 'amhs_queue', 'weekend', 'holiday', 'shift', 'day_of_week', 'hour', 'lots_released_24h', 'lots_out_24h', 'moves_per_hour', 'util_avg', 'perf_avg', 'perf_min', 'perf_max', 'queue_len_min', 'n_machines', 'n_machines_pm', 'mttr', 'mtbf', 'setup_time', 'batch_size', 'recipe_changes', 'availability', 'quality_rate', 'tool_age', 'chamber_count', 'loadport_wait', 'dispatch_score', 'alarm_count_24h', 'throughput_7d']",43
deposition,GA,5,0.148023088023088,8.4,1.8547236990991407,[],0
deposition,TSFGA,5,0.2974642024642025,8.2,1.32664991614216,"['util_avg', 'availability']",2
deposition,mRMR,5,0.750534188034188,23.0,4.898979485566356,"['util_avg', 'availability', 'lots_out_24h', 'chamber_count', 'loadport_wait', 'util_max', 'perf_max', 'priority', 'util_min', 'n_machines_down', 'quality_rate', 'lots_released_24h', 'oee', 'dispatch_score', 'day_of_week', 'wip_fab', 'queue_len_min']",17
deposition,MI,5,0.9000000000000001,16.2,1.4696938456699067,"['util_avg', 'util_max', 'util_min', 'oee', 'availability', 'n_machines_down', 'wip_fab', 'wip_fab_7d_avg', 'wip_area', 'wip_process', 'lots_out_24h', 'queue_len_min', 'queue_len_avg', 'queue_len_max', 'priority']",15
deposition,DDA,5,0.5824711902304782,14.0,1.8973665961010275,"['util_avg', 'util_max', 'n_machines_down', 'availability', 'queue_len_avg', 'queue_len_max', 'priority']",7
deposition,PFI-SBS,5,0.7648351648351649,12.0,2.0976176963403033,"['availability', 'util_avg', 'util_max', 'queue_len_avg', 'queue_len_min', 'priority', 'util_min', 'queue_len_max']",8
deposition,NSGA2,5,1.0,2.0,0.0,"['util_avg', 'availability']",2
planarization,ALL,5,1.0,54.0,0.0,"['priority', 'lot_size', 'n_layers', 'hot_lot', 'rework_flag', 'lot_age_days', 'tardiness', 'due_pct', 'product_mix', 'wip_fab', 'wip_area', 'wip_process', 'wip_upstream', 'wip_downstream', 'wip_ratio', 'wip_fab_7d_avg', 'amhs_load_avg', 'amhs_load_min', 'amhs_load_max', 'amhs_queue', 'weekend', 'holiday', 'shift', 'day_of_week', 'hour', 'lots_released_24h', 'lots_out_24h', 'moves_per_hour', 'util_avg', 'util_min', 'util_max', 'perf_avg', 'perf_min', 'perf_max', 'queue_len_avg', 'queue_len_min', 'queue_len_max', 'n_machines', 'n_machines_down', 'n_machines_pm', 'mttr', 'mtbf', 'setup_time', 'batch_size', 'recipe_changes', 'oee', 'availability', 'quality_rate', 'tool_age', 'chamber_count', 'loadport_wait', 'dispatch_score', 'alarm_count_24h', 'throughput_7d']",54
planarization,FILTER,5,1.0,43.0,0.0,"['priority', 'lot_size', 'n_layers', 'hot_lot', 'rework_flag', 'lot_age_days', 'tardiness', 'due_pct', 'product_mix', 'wip_process', 'wip_upstream', 'wip_downstream', 'wip_ratio', 'amhs_load_max', 'amhs_queue', 'weekend', 'holiday', 'shift', 'day_of_week', 'hour', 'lots_released_24h', 'lots_out_24h', 'moves_per_hour', 'util_avg', 'perf_avg', 'perf_min', 'perf_max', 'queue_len_avg', 'n_machines', 'n_machines_pm', 'mttr', 'mtbf', 'setup_time', 'batch_size', 'recipe_changes', 'availability', 'quality_rate', 'tool_age', 'chamber_count', 'loadport_wait', 'dispatch_score', 'alarm_count_24h', 'throughput_7d']",43
planarization,GA,5,0.14057774526814773,9.0,1.6733200530681511,[],0
planarization,TSFGA,5,0.2986868686868687,6.2,1.469693845669907,"['util_avg', 'availability']",2
planarization,mRMR,5,1.0,4.0,0.0,"['util_avg', 'n_machines_down', 'throughput_7d', 'priority']",4
planarization,MI,5,0.9126373626373627,13.0,0.6324555320336759,"['util_avg', 'util_min', 'util_max', 'oee', 'availability', 'n_machines_down', 'wip_process', 'wip_fab_7d_avg', 'wip_fab', 'wip_area', 'priority', 'queue_len_avg']",12
planarization,DDA,5,0.7092331932773109,13.4,1.0198039027185568,"['util_avg', 'util_min', 'util_max', 'n_machines_down', 'wip_process', 'wip_area', 'availability', 'oee', 'priority']",9
planarization,PFI-SBS,5,0.7211111111111111,9.8,2.6381811916545836,"['availability', 'util_avg', 'util_max', 'util_min', 'priority', 'n_machines_down', 'wip_area']",7
planarization,NSGA2,5,1.0,2.0,0.0,"['util_avg', 'availability']",2
