process,method,seed,n_selected,PRF,CFS,n_high_corr_pairs,time_s,n_evals,val_MRA,MRA,MRA_std,MAE,MAE_std,RMSE,RMSE_std,MAPE,MAPE_std,R2,R2_std,rec_precision,rec_recall,rec_f1
lithography,ALL,0,54,0.0,0.46236616291083227,19,1.3348767999996198,1,0.6314038547085807,0.6332712297117883,0.07923257135669169,10.766634284810722,3.061512440663855,19.988394552164333,6.318769934508347,42.773075223151324,9.963166817517351,0.5758771230746101,0.272765197748947,0.2558139534883721,1.0,0.40740740740740744
lithography,ALL,1,54,0.0,0.46236616291083227,19,1.149473700003,1,0.6348852388831798,0.6419672635322998,0.058090315662189,10.515369500646138,2.706514516287737,19.581075576344393,6.052493249996222,41.171504735225696,7.461942716506939,0.6113620838043096,0.1764187206258191,0.2558139534883721,1.0,0.40740740740740744
lithography,ALL,2,54,0.0,0.46236616291083227,19,1.2364285999938147,1,0.6244444984219126,0.6406723630715732,0.06063773351112084,10.612294181218937,3.039858796162382,19.423883134319674,6.1199070444761245,42.92899547553734,8.915517556263937,0.6198313887922827,0.17797989498259764,0.2558139534883721,1.0,0.40740740740740744
lithography,ALL,3,54,0.0,0.46236616291083227,19,1.215287500002887,1,0.6213130159573419,0.6373484700235694,0.07392097908532141,10.662386299700671,2.9947794214319923,19.460340573050267,6.267043769640368,42.77479072516828,9.322547999649892,0.607132566179923,0.2160392607486404,0.2558139534883721,1.0,0.40740740740740744
lithography,ALL,4,54,0.0,0.46236616291083227,19,1.3256256000022404,1,0.6227600416134996,0.6299889236333134,0.0682745137562195,10.886070001683846,2.990487575153,19.897589300644146,6.159069595822069,43.37071313005217,10.003341026916463,0.589679855245537,0.22210537826184543,0.2558139534883721,1.0,0.40740740740740744
lithography,FILTER,0,43,0.20370370370370372,0.33341536282399686,0,2.300897699999041,2,0.6172861860560395,0.6143662833785046,0.07519026540844789,11.317398865673015,3.037343739667834,20.546849521019833,6.1496282061937455,46.132692168682844,10.35701892861081,0.5602038208187,0.24341395499712642,0.2558139534883721,1.0,0.40740740740740744
lithography,FILTER,1,43,0.20370370370370372,0.33341536282399686,0,2.3018356999964453,2,0.6180376700612318,0.6236021498410212,0.06530198797606597,11.02195064659778,2.7123012612708894,19.983109589772575,5.8482986142397335,44.61706720328722,9.121359715550092,0.5917350169088101,0.1898072075845356,0.2558139534883721,1.0,0.40740740740740744
lithography,FILTER,2,43,0.20370370370370372,0.33341536282399686,0,2.218872099998407,2,0.6139069070909763,0.6155271516794618,0.06259744400140342,11.321803387864861,3.027318096670197,20.421865856278785,5.97899309427892,46.576571122355254,10.23814038814667,0.5785304581202643,0.18391306125861961,0.2558139534883721,1.0,0.40740740740740744
lithography,FILTER,3,43,0.20370370370370372,0.33341536282399686,0,2.270511800001259,2,0.6112177216937469,0.6249714169255022,0.07481026616049348,10.997507538383093,2.9256495357264627,19.853401903725487,5.966724671892737,44.526464471854425,9.83957449903965,0.5943725075172743,0.2033637976469636,0.2558139534883721,1.0,0.40740740740740744
lithography,FILTER,4,43,0.20370370370370372,0.33341536282399686,0,2.0601988999987952,2,0.6117953235320623,0.6124802604620627,0.06877217624476381,11.382913585034986,3.0435335939958095,20.481613753364023,5.99886345348771,46.32112685275875,11.360990978825948,0.5737941783527022,0.18635975197809543,0.2558139534883721,1.0,0.40740740740740744
lithography,GA,0,8,0.8518518518518519,0.41338025211721435,1,7937.522048300001,10523,0.6528383774498165,0.6458768875831005,0.05527843304247953,10.448578879683673,2.9340462145755706,19.17588285611589,6.202842133980743,39.75045477263473,8.151899345604175,0.6375801792351472,0.13933168461699255,0.42857142857142855,0.2727272727272727,0.33333333333333326
lithography,GA,1,8,0.8518518518518519,0.5559932224497937,0,9931.867652200002,12941,0.6600764691945762,0.6745279691069197,0.0828322391022193,9.601461176075114,3.1018938314670788,18.21238491419581,5.737520266208744,34.226043658578035,8.710189359102538,0.6430452507412946,0.2542669693368244,0.75,0.5454545454545454,0.631578947368421
lithography,GA,2,9,0.8333333333333334,0.539529391260465,0,5689.329829400012,7483,0.6433058465833087,0.6575165169533185,0.055376246102414414,10.136261576924959,2.9703951193191656,18.65223803609465,6.205878179532035,38.39955142034743,7.380673626981683,0.6549603730606065,0.14892535617164673,0.5555555555555556,0.45454545454545453,0.5
lithography,GA,3,12,0.7777777777777778,0.5120497362833176,2,4669.7722698,6156,0.6601728878888005,0.6692029249317746,0.05967997289658801,9.787965721828899,2.9166364247274013,18.130189496927354,6.402518682159538,36.08473515354425,6.387680054540757,0.6691367505347535,0.1608358772651757,0.8,0.7272727272727273,0.761904761904762
lithography,GA,4,9,0.8333333333333334,0.4755772079994639,1,11896.037464699999,15652,0.6683525135202826,0.6727417811827175,0.05273740746320846,9.70449506851642,2.870207789996324,17.775594039274228,5.9180207720141835,35.7129673925472,5.815983725919422,0.6872145955468091,0.13483173177194002,0.375,0.2727272727272727,0.3157894736842105
lithography,TSFGA,0,9,0.8333333333333334,0.561098836018401,0,3566.7849627999967,5359,0.6529283415182858,0.6467042303195915,0.07499168388264033,10.360367037504735,2.8395124984560267,19.286862746611348,5.827901377950258,38.71531940875743,8.977615444819802,0.6125619482236836,0.2125754138927886,0.5555555555555556,0.45454545454545453,0.5
lithography,TSFGA,1,5,0.9074074074074074,0.5517352041737547,0,4419.6920032999915,6757,0.6414671811651078,0.6455653404083547,0.06388441284236568,10.420064307449199,2.851687833308005,19.03360689381817,6.318244945089136,38.51533787591096,6.851587304685156,0.6346212710534814,0.17076687750594446,0.6,0.2727272727272727,0.37499999999999994
lithography,TSFGA,2,7,0.8703703703703703,0.5451062730910364,0,7025.656903800002,10546,0.6586588464741103,0.6552861546130164,0.05948604957451333,10.177831100156457,2.8828770913428885,18.860605551792766,6.189156611996693,38.313881402612424,7.553731173951063,0.6418338926587664,0.16663554046270945,0.5714285714285714,0.36363636363636365,0.4444444444444444
lithography,TSFGA,3,8,0.8518518518518519,0.5022030171961411,0,5274.446892799999,7834,0.6556070802699714,0.6512357991718095,0.06662653153216089,10.28694347199241,3.052578649848678,18.842913116780657,6.45193200159807,38.45881948838426,7.477163167086565,0.6385132225658926,0.18034826051814876,0.5,0.36363636363636365,0.4210526315789474
lithography,TSFGA,4,7,0.8703703703703703,0.5839306368785361,0,6239.891410200013,9456,0.6595696423271611,0.6654761772928356,0.05429839534228196,9.881376203389372,2.787268022192204,18.438932662641474,6.223797594735104,36.703423221004826,7.085939638564183,0.6602752527599688,0.15069243057011295,0.7142857142857143,0.45454545454545453,0.5555555555555556
lithography,mRMR,0,16,0.7037037037037037,0.5474532699008592,7,43.74298300000373,54,0.6523960462301794,0.6540667034698838,0.06746334608406293,10.209474664896359,3.029060677620088,19.032985916648375,6.213213704582306,38.22917187071764,7.988796440063352,0.6254400769600018,0.2099395858972684,0.4166666666666667,0.45454545454545453,0.43478260869565216
lithography,mRMR,1,25,0.537037037037037,0.5233275209190623,14,41.90818220000074,54,0.6555575351629159,0.6516742230201326,0.07155084156851736,10.25268737602957,2.940876352957813,19.00247772128688,6.1972432975889795,39.11219502372349,7.208347396261306,0.6252771167761184,0.20451001323527163,0.35294117647058826,0.5454545454545454,0.42857142857142855
lithography,mRMR,2,5,0.9074074074074074,0.6249951860288049,1,40.308740899999975,54,0.6521026965816965,0.6525953991384885,0.04376321961922954,10.246521370579355,2.6224230642693676,19.027913781918027,5.754239047342093,38.18790247268692,7.025774847983017,0.6450058024317469,0.1325863355816398,0.5,0.18181818181818182,0.26666666666666666
lithography,mRMR,3,21,0.6111111111111112,0.5350678829261126,10,42.43048679998901,54,0.6510831535872583,0.6539784825648127,0.066009240561511,10.23312014788221,3.051778574340864,18.923270110791076,6.4129615283754475,38.487802975805494,7.729451655996037,0.6364989151112238,0.17926692413940123,0.4,0.5454545454545454,0.4615384615384615
lithography,mRMR,4,15,0.7222222222222222,0.552340919125953,7,42.45982099999674,54,0.6560546520433496,0.6528136764774938,0.06971280964034514,10.220584745711763,2.943095567512041,19.148791766301468,6.044034453800025,38.49946209342146,8.117442268199795,0.6185658809473885,0.22090944411651997,0.45454545454545453,0.45454545454545453,0.45454545454545453
lithography,MI,0,12,0.7777777777777778,0.560617544974169,14,44.53492789999291,54,0.6729364731071354,0.6679993463412056,0.06462828173514144,9.752494115443882,2.707668153220508,18.418730258079485,5.8617153440302365,35.776836514589036,6.987158408316594,0.6496038315956979,0.19281898875831507,1.0,0.36363636363636365,0.5333333333333333
lithography,MI,1,13,0.7592592592592593,0.5612667386475771,14,43.39564030000474,54,0.6737254222933627,0.6715279391755308,0.06300945699501669,9.673974501849907,2.762682250549623,18.22206329077428,6.043693744908576,35.26023290127417,6.357072400893047,0.6592642174935469,0.17387293466148035,1.0,0.45454545454545453,0.625
lithography,MI,2,13,0.7592592592592593,0.5612667386475771,14,43.64145579999604,54,0.6662055878940041,0.6769059836888367,0.057515474083858105,9.577452902151975,2.915082712966008,18.195566650697096,6.282892814083022,35.561816263292606,6.208501636967459,0.6668775469926922,0.1629655332146969,1.0,0.45454545454545453,0.625
lithography,MI,3,13,0.7592592592592593,0.5612667386475771,14,41.84190590000071,54,0.6710778136892206,0.6750230723953021,0.05952488514415181,9.600073701856964,2.8015211077176407,18.089215954778066,6.2106191274341125,35.07058871493814,6.501366913975239,0.6665562177945247,0.17003038032783108,1.0,0.45454545454545453,0.625
lithography,MI,4,11,0.7962962962962963,0.5536550679095643,13,43.417737800002214,54,0.6673448047488808,0.6685909650416865,0.061506805602540716,9.743694807485875,2.6457603420272346,18.340539761012778,5.791187983912912,36.05073198510236,6.732541613583919,0.6477517531632059,0.2086349545196854,1.0,0.36363636363636365,0.5333333333333333
lithography,DDA,0,9,0.8333333333333334,0.7009022622050898,4,29.709832100008498,55,0.6812708103752247,0.6760634676155207,0.05544653044701568,9.550532105868935,2.6520915228618365,18.153339522333155,5.714429561386829,34.52215459609144,6.842331214809323,0.6698496293424535,0.14045927714059178,1.0,0.45454545454545453,0.625
lithography,DDA,1,8,0.8518518518518519,0.6930495038403821,3,27.863400400005048,55,0.6761234079550771,0.6706315459526618,0.060354652868055164,9.690372382313281,2.66016561804945,18.270644143377076,5.777499504347807,34.91143263630261,6.514420917161654,0.6583983682048714,0.1688592602475528,0.8,0.36363636363636365,0.5000000000000001
lithography,DDA,2,10,0.8148148148148149,0.6890855967484592,4,30.75693709999905,55,0.68265619967295,0.6770513947634621,0.059433754370280846,9.548387001004281,2.794451580227524,18.08557612281345,6.1273108280046396,34.990649089819804,6.621692207514969,0.6680634291983291,0.17126755335793428,0.8333333333333334,0.45454545454545453,0.5882352941176471
lithography,DDA,3,9,0.8333333333333334,0.6947862560670606,4,29.624810699999216,55,0.6784520878845153,0.6801240965102813,0.05282636945041451,9.478409570422514,2.7867167296040756,17.939225119344183,6.238067889918906,33.9257820412094,5.768770452338858,0.678282852944002,0.14855152688023124,0.8,0.36363636363636365,0.5000000000000001
lithography,DDA,4,9,0.8333333333333334,0.6979106487758929,4,29.524587600011728,55,0.6753702841199012,0.6742627402121222,0.059588572911887995,9.61063083879826,2.7608595553645503,18.210033856482145,5.959339308217776,35.07084975604983,7.0517487729678665,0.6629717865446573,0.16440497798127718,1.0,0.45454545454545453,0.625
lithography,PFI-SBS,0,11,0.7962962962962963,0.596141065399643,10,48.53783380000095,54,0.6805139573430281,0.6747559853539408,0.062062660360671935,9.605325409717699,2.8516914741984367,18.085579745732336,6.140063770678184,35.17095223237035,7.115953276044054,0.6712141356819911,0.15882416449359274,1.0,0.45454545454545453,0.625
lithography,PFI-SBS,1,12,0.7777777777777778,0.5961682568208242,10,52.77062690000457,54,0.6772653438598688,0.686239350851036,0.06112905490239572,9.288512925130647,2.8667487879496534,17.754465800853303,6.123147140297869,33.84810456153065,6.45969641724769,0.6824999156723952,0.1502925324414012,0.8333333333333334,0.45454545454545453,0.5882352941176471
lithography,PFI-SBS,2,11,0.7962962962962963,0.6658013076906807,8,52.199536400003126,54,0.6762121645624859,0.6819924953249623,0.06083219600991191,9.396386976734988,2.7822508165669073,17.879343879847063,6.127799260914627,34.420060808042074,6.6346328858404355,0.6726445202638612,0.18291473136997188,1.0,0.45454545454545453,0.625
lithography,PFI-SBS,3,9,0.8333333333333334,0.5989620284644365,6,50.41747739999846,54,0.6754496315273815,0.6794769413822266,0.06011022393665729,9.489911265683713,2.883946532020365,17.81884127851367,6.347718289776767,34.0185275539538,5.92898922728978,0.6779634342652349,0.1681224706473765,1.0,0.45454545454545453,0.625
lithography,PFI-SBS,4,11,0.7962962962962963,0.665238523761404,8,53.1920703999931,54,0.674424165261854,0.6736008528734878,0.06653703168659755,9.60810281684198,2.7491956452279527,18.078971068619712,6.019711464336019,35.480913799397136,7.255017732583272,0.6584605770778755,0.2033006559756152,1.0,0.45454545454545453,0.625
lithography,NSGA2,0,2,0.962962962962963,0.7860912180759356,0,2618.684195199996,5731,0.6441697990242392,0.6335522646050433,0.04987147679538168,10.797798924811305,2.8053948570791163,19.87599009306098,5.571016489412271,39.764642385315675,7.965421968017935,0.6086367300330496,0.13134801395585638,1.0,0.18181818181818182,0.3076923076923077
lithography,NSGA2,1,2,0.962962962962963,0.7860912180759356,0,3049.7419888000004,6441,0.6404922947914158,0.6400651574439015,0.05578709045122936,10.60872705587025,2.8836165297486596,19.444007481692132,6.025114273762586,38.85198483157981,7.077734649363508,0.6254950771537541,0.1446330806678509,1.0,0.18181818181818182,0.3076923076923077
lithography,NSGA2,2,2,0.962962962962963,0.7860912180759356,0,3016.2392538999993,6555,0.6416715079071009,0.6363334607657222,0.052681847273770545,10.719649788373994,2.8470039037949144,19.67826290122127,5.766170607468948,39.43932356380806,7.609574646802784,0.6144079852405503,0.14710530335941566,1.0,0.18181818181818182,0.3076923076923077
lithography,NSGA2,3,2,0.962962962962963,0.7860912180759356,0,2567.746116299997,5560,0.6406197576306426,0.6406849234096814,0.0491423067325698,10.634580919711784,2.9766933450794424,19.50125079998658,5.801742879295249,38.77010636260503,6.695416347420472,0.6271124109115445,0.12644667082061414,1.0,0.18181818181818182,0.3076923076923077
lithography,NSGA2,4,2,0.962962962962963,0.7860912180759356,0,2470.3979431000043,5455,0.6396716489455838,0.6375049276590252,0.057618572334065025,10.680249999804953,2.9025043117915397,19.57407732249559,5.996925272063976,39.808335825578716,7.874241790907572,0.618350820356902,0.14718772273270866,1.0,0.18181818181818182,0.3076923076923077
implantation,ALL,0,54,0.0,0.44051127448450683,19,1.2954238999955123,1,0.5606395736117552,0.5873823293830028,0.06956528995018406,5.34830139046721,1.1417322553000147,10.313427114120536,2.587858846182064,43.95380463512171,9.691385522519658,0.47383352636034837,0.2352420558438242,0.2558139534883721,1.0,0.40740740740740744
implantation,ALL,1,54,0.0,0.44051127448450683,19,1.3161212999984855,1,0.5806883368727529,0.5976068456553325,0.06764463646209729,5.221303545649235,1.1422857611273887,10.020433626026618,2.5138424859448536,44.64528669955452,10.543629902058191,0.4994884537245011,0.21801718308531767,0.2558139534883721,1.0,0.40740740740740744
implantation,ALL,2,54,0.0,0.44051127448450683,19,1.3917072999902302,1,0.5697886532745278,0.5908219738146531,0.07182288976028421,5.281447342600519,1.0821804507104837,10.25139578195036,2.510724795248426,44.80317479884565,11.012991047031136,0.46758882102935156,0.2457016788665248,0.2558139534883721,1.0,0.40740740740740744
implantation,ALL,3,54,0.0,0.44051127448450683,19,1.2468873000034364,1,0.580358103902975,0.6037325637531991,0.061154837989125216,5.15276219253413,1.1345525615453302,9.918192583421327,2.4876851385639998,43.26798261329487,9.185679260793638,0.5199408507501488,0.17832566141710496,0.2558139534883721,1.0,0.40740740740740744
implantation,ALL,4,54,0.0,0.44051127448450683,19,1.4433984000061173,1,0.5782250353892413,0.5934860398226,0.05999528008916035,5.257413150858459,0.9471391244291827,9.971815925390937,2.223830716026435,44.67142917143018,9.016320480202188,0.49905698735573417,0.23097334045513856,0.2558139534883721,1.0,0.40740740740740744
implantation,FILTER,0,43,0.20370370370370372,0.3105239749131722,0,2.2518417999963276,2,0.5556795000552728,0.5853972481463358,0.0876531759195013,5.356718696952556,1.19582002151134,10.298690891416536,2.7058939076285653,45.470990028177,10.9061800052969,0.47122445336807695,0.2604438876316807,0.2558139534883721,1.0,0.40740740740740744
implantation,FILTER,1,43,0.20370370370370372,0.3105239749131722,0,2.274302499994519,2,0.5740503562112178,0.5995279563508096,0.07409299279629977,5.195456327921964,1.184609354452546,9.96376164785534,2.7262497172312457,44.908896520996194,11.929767354536507,0.5171281886093356,0.19600090805581902,0.2558139534883721,1.0,0.40740740740740744
implantation,FILTER,2,43,0.20370370370370372,0.3105239749131722,0,2.447516200001701,2,0.5579591007642741,0.5828315138827549,0.07734784471352878,5.387810873024361,1.1564935363340998,10.413657149638569,2.6047160405301053,46.53831278740788,12.723823483936043,0.46433132646153286,0.2156118755727877,0.2558139534883721,1.0,0.40740740740740744
implantation,FILTER,3,43,0.20370370370370372,0.3105239749131722,0,2.5587244000053033,2,0.5679633840157897,0.5968259966402115,0.07147626546156169,5.233139854847013,1.1926265639496862,10.027816735007756,2.5435202947027635,44.61117864810352,10.573682339079758,0.5084768968622654,0.19284943288383066,0.2558139534883721,1.0,0.40740740740740744
implantation,FILTER,4,43,0.20370370370370372,0.3105239749131722,0,2.448947600001702,2,0.5632998923884914,0.590131660111926,0.08195930124910569,5.280065893275312,1.0522989062826338,9.963260744037836,2.343993078715142,45.4619894134547,10.025482980886771,0.49127561346536713,0.27129666645264433,0.2558139534883721,1.0,0.40740740740740744
implantation,GA,0,10,0.8148148148148149,0.571776050446183,1,8847.840144600006,11525,0.610112763051071,0.6212080021712487,0.07339105392910404,4.8768346967435035,0.9316624823556705,9.706405648267458,2.296322878365543,38.31340323000368,7.678727780980483,0.5114098723696634,0.28762310143000663,0.6666666666666666,0.5454545454545454,0.6
implantation,GA,1,10,0.8148148148148149,0.495097005840147,1,6818.343427699991,9191,0.6462324045181097,0.6420891620572391,0.04922036655409506,4.692347755452023,1.1623580270653704,9.669814951791944,2.5844793177082925,35.76486406904623,7.1684894720209025,0.5401230555088951,0.17764249655642003,0.6666666666666666,0.5454545454545454,0.6
implantation,GA,2,12,0.7777777777777778,0.48051477311227997,1,3567.57833080001,4752,0.6102229880967953,0.6132874181822211,0.054900874619792775,5.0133701077183,0.9302493338218287,9.824710700893881,1.9592353014696393,40.833490248054744,8.201932760456756,0.501842420001873,0.23779775241081436,0.45454545454545453,0.45454545454545453,0.45454545454545453
implantation,GA,3,9,0.8333333333333334,0.5347742385235542,1,4007.879301699999,5454,0.6428967960841956,0.6503567985481972,0.05751181445422771,4.537650265970053,0.9426520801033402,9.437758056616945,2.065744012297774,34.8877938057661,6.906149744249405,0.5379173701832669,0.2393031221565669,0.625,0.45454545454545453,0.5263157894736842
implantation,GA,4,10,0.8148148148148149,0.38149348027296476,1,4771.448426000003,6463,0.6084379055580962,0.5996662286595461,0.06842762129150491,5.1908652877353205,1.0908590147587354,10.161206360640255,2.2039375252550415,42.17595701410326,9.603057132954193,0.4885311153276194,0.21700395714957238,0.5555555555555556,0.45454545454545453,0.5
implantation,TSFGA,0,7,0.8703703703703703,0.5276497657193336,0,3808.320653799994,5820,0.6343053028550325,0.6499542536447146,0.06822008661662511,4.548838493917282,1.04654237188391,9.118314636907602,2.430114235841917,35.54103303444051,7.748448805866724,0.5778707107407727,0.2633550025692972,0.7142857142857143,0.45454545454545453,0.5555555555555556
implantation,TSFGA,1,7,0.8703703703703703,0.42545571519726477,0,4294.839600000007,6446,0.5895601359924628,0.6048276209326547,0.05665454296185297,5.143185366047115,1.0812048672359285,9.974417521306803,2.462429167854259,41.36452876376709,7.956913907292318,0.5166735343610658,0.17665956641951283,0.42857142857142855,0.2727272727272727,0.33333333333333326
implantation,TSFGA,2,7,0.8703703703703703,0.5413648574306641,0,5699.10646190001,8610,0.6203195279024871,0.6385343757288993,0.07047217110932151,4.703074803174364,1.1268832693560136,9.523484001908514,2.47810758752557,36.32133902516662,8.273503992848223,0.5470457092685929,0.2359170524790791,0.7142857142857143,0.45454545454545453,0.5555555555555556
implantation,TSFGA,3,6,0.8888888888888888,0.5133748260298452,0,5721.688229600011,8748,0.614317152823409,0.6338709483483428,0.059445131542949683,4.754614583508464,1.0088097987900024,9.440818143875633,2.2078502905049633,37.35442893599474,7.878332477035076,0.5592097804099555,0.187270875468099,0.5,0.2727272727272727,0.3529411764705882
implantation,TSFGA,4,8,0.8518518518518519,0.459165589117114,0,4380.207200200006,6595,0.6153348586424262,0.6335455345628509,0.07156653986210941,4.7630196746878966,1.086120627837886,9.524236591863902,2.415594316164075,37.10339212842762,8.045976703522834,0.5293896157124706,0.328072807066351,0.5,0.36363636363636365,0.4210526315789474
implantation,mRMR,0,9,0.8333333333333334,0.5374406040467273,3,43.545191600002,54,0.634011100965179,0.6364254135243621,0.061545251049519294,4.716042331941079,0.9439612361788368,9.449396182949382,1.9040507530275095,37.33519098819075,7.9683129736123295,0.5400943777742225,0.2307568687612741,0.42857142857142855,0.2727272727272727,0.33333333333333326
implantation,mRMR,1,5,0.9074074074074074,0.5122515282357258,0,45.50704330000735,54,0.6342884011001382,0.6373943574729599,0.05402720533666505,4.705887317584745,0.916181887614994,9.298084530901356,1.8468297904131008,36.22141316841207,7.10173363288972,0.5577932445809932,0.20417573229824823,0.6,0.2727272727272727,0.37499999999999994
implantation,mRMR,2,9,0.8333333333333334,0.5374406040467273,3,43.29956939999829,54,0.6316728321142899,0.6308302073955294,0.07235729531633683,4.784803724428443,1.0221464763104047,9.633269359815241,1.9063766738734194,38.61802089053398,9.463861280542668,0.508918334208671,0.309159971464648,0.42857142857142855,0.2727272727272727,0.33333333333333326
implantation,mRMR,3,7,0.8703703703703703,0.5364336383773408,1,38.421174200004316,54,0.6297175033284549,0.6387045736589706,0.05692034904781702,4.70878041732887,1.0267155535319086,9.41182289444666,1.9933392742510954,37.12520483239794,7.686999562756466,0.549455901553113,0.21647103368931833,0.5,0.2727272727272727,0.3529411764705882
implantation,mRMR,4,7,0.8703703703703703,0.5364336383773408,1,43.9799980000098,54,0.6367116265782324,0.6346706657684894,0.06106702044631274,4.745304737797185,0.9742279169672317,9.34407114000947,1.7572245068651366,37.526090507010174,8.029753740100938,0.5448316231046526,0.23853251293618213,0.5,0.2727272727272727,0.3529411764705882
implantation,MI,0,5,0.9074074074074074,0.4995122385500916,6,42.71189549998962,54,0.6182846929132033,0.619816133629632,0.06650006524588542,4.930476625290411,1.0408295709175854,9.689930751110108,2.173062945373557,38.55903262138343,7.761747191146468,0.5242332240736763,0.23636057354701254,1.0,0.18181818181818182,0.3076923076923077
implantation,MI,1,13,0.7592592592592593,0.521033197950532,13,45.79366859998845,54,0.6223760030445997,0.6297277753087698,0.06504892774268045,4.776555468303758,0.9435165120222788,9.436857235703917,2.421290470274333,37.273912110476395,6.911487165298868,0.5451845142399897,0.22317057700127943,0.8333333333333334,0.45454545454545453,0.5882352941176471
implantation,MI,2,13,0.7592592592592593,0.521033197950532,13,44.99266279999574,54,0.6151490754184337,0.6286739947313601,0.06320426302119928,4.7898520113567224,0.9113652678793358,9.469865351591746,2.326767742498913,37.56225446147626,7.717850791092444,0.5465670742728197,0.2090096229792235,0.8333333333333334,0.45454545454545453,0.5882352941176471
implantation,MI,3,16,0.7037037037037037,0.5237616680005488,16,42.30194560000382,54,0.6223135901721536,0.6414731353346179,0.05108869748192967,4.648216845191857,0.8951501418438766,9.250606057887717,2.413875416171739,36.76155134292142,6.419067376526173,0.5743727190286629,0.18230951167885875,0.7142857142857143,0.45454545454545453,0.5555555555555556
implantation,MI,4,7,0.8703703703703703,0.5642034527164634,7,43.86322700000892,54,0.6159126629061451,0.6049026695260925,0.0719425839352424,5.08997059979168,0.933424577117148,9.92985241032752,2.1351746888475054,39.92807165355155,7.179896664787091,0.48182108168561816,0.3023544343554851,1.0,0.2727272727272727,0.42857142857142855
implantation,DDA,0,9,0.8333333333333334,0.4954574457296266,6,28.114654800010612,55,0.6334947607882937,0.6323917559930793,0.05930691744565518,4.738322354179612,0.7882210869315922,9.486331418785198,1.9561853300703325,36.34461221314097,6.76708261806711,0.5258313019328419,0.24440784763497067,0.6666666666666666,0.36363636363636365,0.4705882352941177
implantation,DDA,1,9,0.8333333333333334,0.5162939284213317,7,30.046138699995936,55,0.644489459333961,0.6340778736921877,0.056117681540522484,4.738184994607421,0.9127551283637456,9.521272640950425,2.1894668281242367,36.807141435510765,7.8862836529564575,0.5345982495293714,0.2056477016153406,0.8,0.36363636363636365,0.5000000000000001
implantation,DDA,2,8,0.8518518518518519,0.5357678388583799,6,27.835137200003373,55,0.6499246015613058,0.6463587773251452,0.05811845618046321,4.600350618370486,0.9831690300873468,9.446714583982928,2.109000014724624,34.34142811822367,7.227819087064223,0.5433076298633595,0.21340477594075943,1.0,0.45454545454545453,0.625
implantation,DDA,3,12,0.7777777777777778,0.5122050841876864,6,30.323304299992742,55,0.6426821732595777,0.6344009714269068,0.06173670897111344,4.741165262703671,0.9808275512797033,9.638980864849662,2.2142686109082534,36.44051487358228,7.43737570330918,0.5168155874026588,0.24695695042769186,0.6666666666666666,0.5454545454545454,0.6
implantation,DDA,4,9,0.8333333333333334,0.5212300625588183,6,28.544539000009536,55,0.6414216657828379,0.6303367170994014,0.06639228301037428,4.75053507887153,0.8040684720446478,9.606804894260831,2.0273124058562733,36.61523686734259,7.14989420598162,0.5007865454835779,0.30921995863468743,0.8333333333333334,0.45454545454545453,0.5882352941176471
implantation,PFI-SBS,0,5,0.9074074074074074,0.6340864636549026,3,56.57885649999662,54,0.6359419624216556,0.6432065701645429,0.0639690386663989,4.618759917108258,0.9590415067132195,9.301073815741534,2.2714825964820062,35.45248920736442,7.235491102313033,0.5547188853848509,0.24402168482506167,1.0,0.2727272727272727,0.42857142857142855
implantation,PFI-SBS,1,6,0.8888888888888888,0.63991920119597,3,57.18274750000273,54,0.6411380017537903,0.6445893584096329,0.059697719645626326,4.614482294451554,1.0048819904531265,9.328256426023263,2.3733935013747343,35.160026423955095,6.730035328771057,0.5605828343694204,0.2066055515718884,1.0,0.36363636363636365,0.5333333333333333
implantation,PFI-SBS,2,11,0.7962962962962963,0.6476709224585518,7,58.40861990000121,54,0.6403814381404795,0.644003752333681,0.06117623092750728,4.61811160180814,1.0028357077248042,9.376646862365089,2.319240977495319,35.7571701265345,7.500296948104887,0.5599170747379827,0.19147236719893887,0.8333333333333334,0.45454545454545453,0.5882352941176471
implantation,PFI-SBS,3,11,0.7962962962962963,0.6613191961593431,7,57.98087810000288,54,0.6424797849995811,0.6590789113625376,0.05469730592446563,4.4569539472112565,1.0588517345401927,9.14711057690415,2.498138764880529,34.22316124143391,6.816746787711821,0.5918081255965205,0.16589651066443978,0.8333333333333334,0.45454545454545453,0.5882352941176471
implantation,PFI-SBS,4,10,0.8148148148148149,0.65728977978495,7,55.01365259999875,54,0.6413942327563982,0.645326537449958,0.0631040786658485,4.608326048403026,1.030781458840353,9.303823769997377,2.342574554441837,35.68382215547704,6.756946314925211,0.5534962122866033,0.2579613143270965,1.0,0.45454545454545453,0.625
implantation,NSGA2,0,2,0.962962962962963,0.7309484102648381,0,2149.715083000003,4728,0.6137144085224953,0.6222597527472741,0.07732321844549325,4.88510054092507,1.0146464021646056,9.524441200626798,2.3925247828006357,38.5172486952101,7.679579440293132,0.5332234432129059,0.3235978187111936,1.0,0.18181818181818182,0.3076923076923077
implantation,NSGA2,1,2,0.962962962962963,0.7309484102648381,0,2029.7325404000003,4427,0.6215679974590849,0.62225775841078,0.05612550107010567,4.908482627832931,1.0024355260958686,9.671812100239142,2.259490440868428,38.3105638386667,7.431644327480061,0.5419738859971347,0.1756926710300592,1.0,0.18181818181818182,0.3076923076923077
implantation,NSGA2,2,2,0.962962962962963,0.7309484102648381,0,2560.165404500003,5593,0.6123849825557686,0.6192396068708939,0.07066908751297736,4.933255162380515,1.0347953870339262,9.697783388590807,2.2159438009862393,38.629244031171794,8.369192766858063,0.5223171544807648,0.27114393116803354,1.0,0.18181818181818182,0.3076923076923077
implantation,NSGA2,3,2,0.962962962962963,0.7309484102648381,0,2433.5191961999953,5420,0.6191750858381254,0.6270097440493024,0.05717654786017932,4.851838318141288,1.0207657745331569,9.441607081826493,2.259498341534232,38.2695126150919,6.7996516544612575,0.5596833066655674,0.19966708101542177,1.0,0.18181818181818182,0.3076923076923077
implantation,NSGA2,4,2,0.962962962962963,0.7309484102648381,0,2119.2468063999986,4798,0.614588568370093,0.6234040897150711,0.06550392596153984,4.892550844488407,1.0465876210477139,9.613636940107432,2.3392587175269566,38.383446038066566,7.375212486651257,0.5278752784908093,0.29578340649774115,1.0,0.18181818181818182,0.3076923076923077
etching,ALL,0,54,0.0,0.4599299941759919,16,1.2789466999965953,1,0.6576908856080899,0.646254734063587,0.04885197723803679,4.1383721203745685,1.256338424223906,7.129776369752719,2.3722284477177804,37.9196153124448,5.625284595996588,0.6051023428944046,0.11773070271348489,0.2558139534883721,1.0,0.40740740740740744
etching,ALL,1,54,0.0,0.4599299941759919,16,1.3499181000079261,1,0.6489650273227633,0.6573848789723588,0.0560030236331068,4.021756895702966,1.3152088635315042,6.980109599001992,2.3789776742048017,37.52587211076833,7.459677334604583,0.6196495105021468,0.12927229189263945,0.2558139534883721,1.0,0.40740740740740744
etching,ALL,2,54,0.0,0.4599299941759919,16,1.3615978000016185,1,0.6509517679047258,0.6471463699572358,0.053788972030932594,4.133331736300531,1.2983516911632857,7.136549900735493,2.3089532729966633,38.404135522177555,6.567218621836115,0.5996388149493083,0.1343892519116985,0.2558139534883721,1.0,0.40740740740740744
etching,ALL,3,54,0.0,0.4599299941759919,16,1.4313523000018904,1,0.654980471815199,0.6532552561877458,0.05440270118235222,4.061362144995281,1.2942636873749938,7.094964606768078,2.3358877030363816,36.964151322776324,6.755183183231989,0.6061752928409716,0.12933731111637103,0.2558139534883721,1.0,0.40740740740740744
etching,ALL,4,54,0.0,0.4599299941759919,16,1.501633399995626,1,0.6436671194305035,0.645859257117376,0.05111099441424266,4.158010420235986,1.3257022576619464,7.17185371121831,2.3863307431985885,38.20401510629789,6.188790264555753,0.5995727696543985,0.13125897505008724,0.2558139534883721,1.0,0.40740740740740744
etching,FILTER,0,44,0.18518518518518523,0.31402320559836605,0,2.311024599999655,2,0.6630180226462412,0.6553961295062652,0.05341240342908703,4.059288216649162,1.3316648221736707,7.006622689538237,2.4262787779922568,37.77711028561271,6.417882029424219,0.6214241883855945,0.12676398089163737,0.2558139534883721,1.0,0.40740740740740744
etching,FILTER,1,44,0.18518518518518523,0.31402320559836605,0,2.0228490000008605,2,0.6556205962058759,0.6628789741582852,0.057772531308244314,3.977269894296712,1.348132233756336,6.989483788148049,2.4738785693572765,36.565722483213,6.4869505262861455,0.6226122041875211,0.13705147364528025,0.2558139534883721,1.0,0.40740740740740744
etching,FILTER,2,44,0.18518518518518523,0.31402320559836605,0,2.150029900003574,2,0.6497411181360913,0.646787766317565,0.054487087783300296,4.180187599332739,1.4076262754104383,7.224151046614276,2.4338463798470515,38.950540132517894,6.180356481667248,0.5975152098775958,0.13439103845159503,0.2558139534883721,1.0,0.40740740740740744
etching,FILTER,3,44,0.18518518518518523,0.31402320559836605,0,2.392865800007712,2,0.6542112827669276,0.6549016264226221,0.05718995988418682,4.055197496977097,1.3086205829701751,7.121916549589122,2.356185177201204,36.83524728447115,6.154647688610724,0.6069022018064144,0.12312026847114656,0.2558139534883721,1.0,0.40740740740740744
etching,FILTER,4,44,0.18518518518518523,0.31402320559836605,0,2.1746374999929685,2,0.6420675091727157,0.6483972142208817,0.05703642898887738,4.139613764925773,1.3623659974721685,7.227688378269475,2.435606572663035,38.11516849964286,6.48411997785904,0.5960279073822133,0.13166560427536528,0.2558139534883721,1.0,0.40740740740740744
etching,GA,0,10,0.8148148148148149,0.6255734002098113,2,10820.828066000002,13558,0.6901010570300689,0.6815249422982891,0.0471444131400731,3.7709483685078498,1.323760864948521,6.52447485035968,2.2927347006553043,33.782642916140894,5.651907950090358,0.6712880628130539,0.10285207747752834,0.5,0.36363636363636365,0.4210526315789474
etching,GA,1,9,0.8333333333333334,0.6615791188015893,2,7741.671214999995,9662,0.6833344951369456,0.6800039428841277,0.05290270539217175,3.7837246352958114,1.3276804976787793,6.527417602518556,2.3809743455565315,33.97010717863039,6.388249763154281,0.6704050530954659,0.11360947468461648,0.5714285714285714,0.36363636363636365,0.4444444444444444
etching,GA,2,8,0.8518518518518519,0.5697892278439556,1,7051.178208600002,8956,0.6811122113060674,0.673146595023875,0.05149288700921639,3.8271725809616908,1.2186494209313914,6.5922656024839075,2.1309717743157552,33.496869068806824,7.732136109472733,0.6519987245020396,0.13084997178397575,0.7142857142857143,0.45454545454545453,0.5555555555555556
etching,GA,3,9,0.8333333333333334,0.2598487522247457,0,6649.366727700006,8573,0.6711177467933551,0.6660775948995653,0.04707713040340184,3.8865091212815583,1.0340460067001156,6.848459174972637,2.1428388363986426,35.335292521199044,6.446666131800653,0.635152893796709,0.1130402606305032,0.375,0.2727272727272727,0.3157894736842105
etching,GA,4,12,0.7777777777777778,0.45158379856708064,1,4188.5161346000095,5370,0.6934546503153023,0.6793120965197652,0.04671094769263127,3.7280433461710465,1.0284679139873194,6.557933867628063,1.9297968191670445,32.88062946549233,6.432477033403845,0.6575014470147557,0.10790121325848008,0.4,0.36363636363636365,0.380952380952381
etching,TSFGA,0,8,0.8518518518518519,0.4110400649456578,0,5241.27632840001,7381,0.6851830268877245,0.6802946355024464,0.04837031684612979,3.7823756175198064,1.28358961923817,6.565918301607247,2.331300273225512,33.48939159697571,5.8733935789233325,0.6686323436496916,0.10962981172014447,0.5714285714285714,0.36363636363636365,0.4444444444444444
etching,TSFGA,1,8,0.8518518518518519,0.5481081623146242,0,8123.179012499997,11340,0.6987025445676383,0.6941331747664624,0.04957011802092616,3.621100672331359,1.2804215901506606,6.430387989223531,2.3661470657100865,31.238322621320002,5.809936084967062,0.6819677515120124,0.10564408838978875,0.625,0.45454545454545453,0.5263157894736842
etching,TSFGA,2,6,0.8888888888888888,0.5680982960300309,0,5063.464342799998,6991,0.6943455711812314,0.6785095146944465,0.05359002586776974,3.816878572497535,1.402496262584145,6.625935957527413,2.277851045646586,33.64782441192024,6.524684478548184,0.6586989776675389,0.111571644824245,0.8333333333333334,0.45454545454545453,0.5882352941176471
etching,TSFGA,3,8,0.8518518518518519,0.5480183307032641,0,11303.477763599993,15591,0.6933463602995266,0.689996097370652,0.0480116946040465,3.6673678866103243,1.2537749850984412,6.440936097174553,2.352308019226977,31.99900863402392,4.952799834873587,0.6799298844817067,0.12105757716846768,0.625,0.45454545454545453,0.5263157894736842
etching,TSFGA,4,7,0.8703703703703703,0.43101642318385813,0,5521.939683799996,7758,0.6787339091683259,0.6795968166462426,0.045852454633360996,3.7750967425675084,1.2188628294952335,6.642524148166285,2.2061220478771575,33.10138646005279,5.290104053836326,0.659404985938029,0.09995995844435909,0.5,0.2727272727272727,0.3529411764705882
etching,mRMR,0,3,0.9444444444444444,0.6898544922734052,0,46.42909839999629,54,0.7042727302264908,0.6804927348217534,0.05660353251775566,3.786643283221689,1.4078279446130901,6.668996438545362,2.3136364460046694,31.24091555260919,7.762092502330009,0.647249799552682,0.13388874196923595,1.0,0.2727272727272727,0.42857142857142855
etching,mRMR,1,3,0.9444444444444444,0.6898544922734052,0,43.126422000001185,54,0.6986147731881571,0.6799313316024107,0.05729916786572551,3.7820901792221115,1.3773290250665777,6.676549924599325,2.2082268781080576,31.400710747897456,8.381660784336281,0.6431779405640782,0.13659520353007265,1.0,0.2727272727272727,0.42857142857142855
etching,mRMR,2,3,0.9444444444444444,0.6898544922734052,0,44.774172399993404,54,0.7000359071897567,0.6766119121508875,0.06145320747940563,3.8401946586222446,1.472110992618785,6.744403831202161,2.3762424599610146,31.78252783045323,8.188962971920365,0.6390752343523229,0.14464976040714111,1.0,0.2727272727272727,0.42857142857142855
etching,mRMR,3,3,0.9444444444444444,0.6898544922734052,0,44.240554999996675,54,0.6992018030003517,0.6775949711390062,0.0580578165136147,3.821676834408563,1.424731569286388,6.68057411373787,2.2940725946737626,31.872416126675557,8.211051362636347,0.6464919566581746,0.1311794663270118,1.0,0.2727272727272727,0.42857142857142855
etching,mRMR,4,3,0.9444444444444444,0.6898544922734052,0,44.07160300000396,54,0.6998636531081991,0.6749198060552447,0.0611621388615392,3.8429844146077126,1.4155470585337675,6.716344672115424,2.3476248459729967,31.987705943626203,8.134290519050447,0.6394328261392428,0.14638439089746544,1.0,0.2727272727272727,0.42857142857142855
etching,MI,0,13,0.7592592592592593,0.5783565939438723,10,41.805314999990514,54,0.6901753987841903,0.684436222158611,0.041969195693441576,3.722573049532758,1.2279688644790714,6.618336573860224,2.29476749396209,32.15064961422998,4.842478413649284,0.6637510689799396,0.09833783518497384,1.0,0.5454545454545454,0.7058823529411764
etching,MI,1,13,0.7592592592592593,0.5783565939438723,10,42.21826280000096,54,0.6870022497665158,0.6877314695847887,0.04474673198612651,3.667016035685463,1.1650043520472555,6.546466178788794,2.2403746525795403,32.204018714030106,5.468585626876943,0.6682953993514668,0.09638066565914953,1.0,0.5454545454545454,0.7058823529411764
etching,MI,2,13,0.7592592592592593,0.5783565939438723,10,41.580205200007185,54,0.6906120799429587,0.6781658250051142,0.043919652947452925,3.785961116690802,1.2373953059092153,6.6653883159298735,2.191302389737287,32.65343356052286,5.724630712818634,0.650119350693179,0.11773784435439501,1.0,0.5454545454545454,0.7058823529411764
etching,MI,3,13,0.7592592592592593,0.5783565939438723,10,44.20539689999714,54,0.6934973329276009,0.6892036339912972,0.0488917142168866,3.651571532310522,1.1966204281315012,6.481120873191832,2.181178427313907,31.779302578274724,5.649596842047053,0.6733693971045541,0.10180380898770282,1.0,0.5454545454545454,0.7058823529411764
etching,MI,4,13,0.7592592592592593,0.5783565939438723,10,41.21604090000619,54,0.6913688705032373,0.6790818164605601,0.04483641570432182,3.7775453001764023,1.2269389552895993,6.601711989529365,2.2741368036278407,32.85935692350608,5.260531620413556,0.6623881771593133,0.1056991064323165,1.0,0.5454545454545454,0.7058823529411764
etching,DDA,0,9,0.8333333333333334,0.6866343081388919,3,28.489467000006698,55,0.7081703002540154,0.6922423497123428,0.046532169735192225,3.647631312672831,1.2833804061121987,6.511268218382329,2.3746121502397104,31.780869296888454,5.587386488292839,0.6755148922472858,0.10151282624942275,1.0,0.5454545454545454,0.7058823529411764
etching,DDA,1,11,0.7962962962962963,0.6676719486763912,5,30.348775899998145,55,0.6976067148907653,0.6925218661268437,0.04558701514773543,3.6363966979196585,1.2323929310053992,6.411513870466818,2.3120424642953563,31.743726106967518,5.009907161215376,0.6859017833320825,0.09714914449680674,0.8571428571428571,0.5454545454545454,0.6666666666666665
etching,DDA,2,11,0.7962962962962963,0.6503688955783886,5,29.837093599999207,55,0.7017328248191552,0.686143550337355,0.044659517369974,3.7230928207998306,1.3115786521609434,6.56716840531272,2.276161626311052,32.86218624201453,5.841346241394123,0.665711223936553,0.11044892649674856,0.8571428571428571,0.5454545454545454,0.6666666666666665
etching,DDA,3,10,0.8148148148148149,0.5895827892837853,2,29.824129200002062,55,0.7022683084227996,0.6922032785036982,0.04529893211360758,3.6409976685448666,1.2409801674311296,6.5358728500159,2.2467144486232775,31.235790360226414,5.565086209182098,0.6713616438968406,0.10012941286496994,0.8571428571428571,0.5454545454545454,0.6666666666666665
etching,DDA,4,12,0.7777777777777778,0.47543362889452967,3,27.654320000001462,55,0.7136840586108284,0.693934185199696,0.04430329986052838,3.5698947592766737,1.048965716775797,6.426557350191673,1.9091914791709117,30.508092085004947,6.088075713361091,0.6737960506287487,0.0950322680333644,0.7777777777777778,0.6363636363636364,0.7000000000000001
etching,PFI-SBS,0,6,0.8888888888888888,0.7515016857244771,4,50.31768760000705,54,0.6975933248917964,0.6884691073348354,0.05080000329645878,3.6772921950969084,1.2625078414380946,6.422378136701426,2.319069489459259,31.451429830956087,5.133845473615543,0.6826392831729416,0.10367342193240023,1.0,0.2727272727272727,0.42857142857142855
etching,PFI-SBS,1,4,0.9259259259259259,0.7692960705115535,1,51.08073729999887,54,0.6987145307771327,0.6966845414450591,0.045426931913458375,3.580944618590588,1.2047286413932545,6.402713549629804,2.161451682317231,30.547033647122976,5.265134538137276,0.6853087357014005,0.08591941421018758,1.0,0.2727272727272727,0.42857142857142855
etching,PFI-SBS,2,5,0.9074074074074074,0.7817072230688292,2,54.494824399997015,54,0.6953832074816098,0.6890294880844434,0.053422457825629266,3.6869135967420488,1.3557896348298302,6.454972096258633,2.3476990645007034,31.575073309799606,5.8182854136337765,0.6769773817549601,0.11153605424303781,1.0,0.2727272727272727,0.42857142857142855
etching,PFI-SBS,3,8,0.8518518518518519,0.7400320777609056,4,48.84503169999516,54,0.6991173288875522,0.6932680360152986,0.046333546186669565,3.6055592193405133,1.1695482787294298,6.361222221042575,2.1964767557402745,31.403599590224825,5.4025901121058935,0.6837930690745476,0.1065453635149105,1.0,0.45454545454545453,0.625
etching,PFI-SBS,4,7,0.8703703703703703,0.7535814231130816,4,51.00224440000602,54,0.6925144443753886,0.6865121459102573,0.05094855227244737,3.6930785197943834,1.2518622352739637,6.545909629337012,2.243145210401479,31.852062970625376,5.561233404002886,0.6664722194040273,0.1086919653946014,1.0,0.36363636363636365,0.5333333333333333
etching,NSGA2,0,2,0.962962962962963,0.7933508747245703,0,2725.990314499999,5770,0.6905047508993207,0.6875606546277243,0.05121401562860725,3.706712315473128,1.3423276034313028,6.412933112096725,2.3311110779914523,32.28565424447477,6.315116288010223,0.6856039067954948,0.09893053744666089,1.0,0.18181818181818182,0.3076923076923077
etching,NSGA2,1,2,0.962962962962963,0.7933508747245703,0,2404.707455900003,5104,0.6877168577406856,0.687551172518077,0.05604733408046056,3.694288624027309,1.3307302613216998,6.503754319204985,2.3363070394670724,31.94292416206654,6.864221777875657,0.6739135072176945,0.1061832872906382,1.0,0.18181818181818182,0.3076923076923077
etching,NSGA2,2,2,0.962962962962963,0.7933508747245703,0,2767.242462200011,5858,0.682025794307952,0.6835446016678894,0.0540583584574018,3.7511548488660478,1.3716917052171353,6.470486502970325,2.323911947899073,33.0616122232218,6.67864189662061,0.676339640555471,0.10589607642130079,1.0,0.18181818181818182,0.3076923076923077
etching,NSGA2,3,2,0.962962962962963,0.7933508747245703,0,2580.4002558999928,5371,0.6843781525207863,0.6858206230723922,0.05362397651811661,3.7173877540279885,1.3286907200503548,6.4767473191276865,2.2955479789744264,32.335757918495,6.613993893150694,0.6749170252508635,0.10683163360518926,1.0,0.18181818181818182,0.3076923076923077
etching,NSGA2,4,2,0.962962962962963,0.7933508747245703,0,2595.575020499993,5563,0.6843355056652454,0.6813635010801858,0.058049529724287674,3.762691202557308,1.353833758554183,6.59174312420752,2.341402579325774,32.45321327758817,6.550088085031937,0.6623676209240251,0.11302151337517867,1.0,0.18181818181818182,0.3076923076923077
metalization,ALL,0,54,0.0,0.42563557047323314,16,1.3835526000038953,1,0.633777918650519,0.5730742233487546,0.05847043979765267,9.868496878476225,1.9427310057909264,18.580830018212705,4.001920888270573,54.064871147247345,10.825763091223976,0.5765499002380509,0.13974640397915905,0.2558139534883721,1.0,0.40740740740740744
metalization,ALL,1,54,0.0,0.42563557047323314,16,1.519439700001385,1,0.6264642393774248,0.5680604870395556,0.06375165544862246,10.007299105520156,2.147330887088567,18.82383029232155,4.101258451921494,53.82057461880784,12.353734729552421,0.563516238187246,0.15071216512683105,0.2558139534883721,1.0,0.40740740740740744
metalization,ALL,2,54,0.0,0.42563557047323314,16,1.3699829999968642,1,0.6256217383165285,0.5785809664259742,0.05510122487374397,9.755025485249739,1.955465205893695,18.372938208224625,3.6192626009035105,53.62353762195315,12.701028265806764,0.5881514868173912,0.1084295178043824,0.2558139534883721,1.0,0.40740740740740744
metalization,ALL,3,54,0.0,0.42563557047323314,16,1.3796513999986928,1,0.622646967729553,0.5853847305666003,0.0569441124781341,9.631779880226501,2.1427353851779465,18.425415026775642,4.018198770945302,52.25479673683461,12.832328633535905,0.5893774716246479,0.11270204456054879,0.2558139534883721,1.0,0.40740740740740744
metalization,ALL,4,54,0.0,0.42563557047323314,16,1.2382459999935236,1,0.620437592608644,0.5776911256803584,0.05656601561189014,9.77705603114601,2.001669896450994,18.585556570270974,4.024855414450593,53.021452976089385,11.775254191851214,0.5816405232563382,0.11609050919596757,0.2558139534883721,1.0,0.40740740740740744
metalization,FILTER,0,44,0.18518518518518523,0.30177087906168315,0,2.177766900000279,2,0.6262639984497762,0.5635045495919868,0.051741939341872524,10.117889327253724,2.0544231018154173,19.14573511835147,4.171139403617449,56.21830766792758,12.634633798026409,0.5559012588193848,0.12131815661272027,0.2558139534883721,1.0,0.40740740740740744
metalization,FILTER,1,44,0.18518518518518523,0.30177087906168315,0,2.3245014999993145,2,0.6168390577884306,0.5578025012398713,0.05175378602474051,10.291851535891604,2.3223420396338144,19.38030286826141,3.9580771331547986,56.352605302745324,13.590762333098903,0.5438371820477432,0.1192744901248534,0.2558139534883721,1.0,0.40740740740740744
metalization,FILTER,2,44,0.18518518518518523,0.30177087906168315,0,2.462879400001839,2,0.6251323085413203,0.5726278718230833,0.051743729684982906,9.944795165484356,2.2258069979982786,18.837357185839448,3.9055044413678384,54.373021834119754,13.233325008321685,0.5725698474525267,0.0964019093374813,0.2558139534883721,1.0,0.40740740740740744
metalization,FILTER,3,44,0.18518518518518523,0.30177087906168315,0,2.4971110000042245,2,0.6178089175668711,0.5737390002863625,0.05085474795253999,9.90058267184808,2.154999678205575,18.675134536663784,3.990664949022996,54.64785067330055,13.491334132741159,0.5797666733989217,0.10607330566141344,0.2558139534883721,1.0,0.40740740740740744
metalization,FILTER,4,44,0.18518518518518523,0.30177087906168315,0,2.4090173000004143,2,0.6135193016949887,0.5705597987843176,0.04417053385369363,9.987601470744334,2.1459794645634447,18.711884679760583,3.9267247998818915,55.439227427832535,12.279389612149778,0.5807936148027738,0.08611406810694894,0.2558139534883721,1.0,0.40740740740740744
metalization,GA,0,10,0.8148148148148149,0.4779159697912447,1,11005.5447116,13397,0.6491179271415918,0.5954383798510748,0.050143752018434885,9.426595783819387,2.2330234153508584,18.21510977892012,4.229651511675865,47.90419456096199,11.210907723658687,0.5951379579992365,0.12840851649879761,0.3333333333333333,0.2727272727272727,0.3
metalization,GA,1,12,0.7777777777777778,0.44695400550393927,0,6116.700184600006,7248,0.6473744759071044,0.5977782263955793,0.05520843841915487,9.350993710295118,2.0879444697839267,18.092955718559445,4.30892983745913,47.12051243661845,12.478836847200657,0.5998678838100636,0.143076631354722,0.5,0.5454545454545454,0.5217391304347826
metalization,GA,2,12,0.7777777777777778,0.5684479886480384,2,7140.338997800005,8573,0.6555290124721558,0.6253265523400365,0.04122132774199473,8.71395533567045,1.887269060050307,17.118381265701657,3.4687780391480256,44.276190624702394,11.972014055411618,0.6419596063846827,0.10372382453136951,0.4,0.36363636363636365,0.380952380952381
metalization,GA,3,9,0.8333333333333334,0.6530747979918727,2,10199.563877199995,12385,0.6518740889838077,0.6018297819557189,0.06444728360791026,9.222568221190292,2.0168613929135537,17.832404619549543,4.080456696340096,45.85320760094299,12.039474208321096,0.6068217128290468,0.15383026693692267,0.5714285714285714,0.36363636363636365,0.4444444444444444
metalization,GA,4,11,0.7962962962962963,0.43825443868354585,1,8283.785881499993,10203,0.6357283600007058,0.5783530606220345,0.06750002666499842,9.846752296627693,2.5263879115392034,18.560439705415604,4.395486886873677,48.7181302296467,11.780593454672536,0.5809081223882283,0.13534513866144948,0.5555555555555556,0.45454545454545453,0.5
metalization,TSFGA,0,10,0.8148148148148149,0.46420988567631905,0,9341.090286899998,12425,0.6555754586935763,0.6184458448280409,0.035802200942802904,8.840473116761332,1.7043421666527834,17.13359166176264,3.3975331953872296,45.121811168854904,9.863101385788847,0.6423139267398295,0.09310060398431044,0.5,0.45454545454545453,0.47619047619047616
metalization,TSFGA,1,9,0.8333333333333334,0.39746160771902694,0,5042.982733299999,6604,0.6434569257876462,0.5883302378976958,0.04926718623649979,9.563393057011698,2.1142114709584323,18.509489402267274,4.105157593360388,47.82961386852231,11.501999692187328,0.5823523422846592,0.11745681701145852,0.5,0.36363636363636365,0.4210526315789474
metalization,TSFGA,2,8,0.8518518518518519,0.49421709045666606,0,6059.313391799995,7925,0.6534240848151605,0.6244420287183049,0.04026144036310741,8.716469107213301,1.7838390056314317,17.17145125579187,3.1981273441898495,43.69527107928677,10.453905194907819,0.6351666261548069,0.1093617257172539,0.75,0.5454545454545454,0.631578947368421
metalization,TSFGA,3,9,0.8333333333333334,0.4305392336427261,0,5148.220494900001,6681,0.6491494289358822,0.6064087989201725,0.040288256255755175,9.164815886522865,2.0312678325623703,17.738677173062452,4.050405859944669,46.25595296366699,11.50146190034829,0.616153559172021,0.11758250743869375,0.4444444444444444,0.36363636363636365,0.39999999999999997
metalization,TSFGA,4,7,0.8703703703703703,0.5210944436622276,0,7181.6410943999945,9776,0.6519297427889049,0.6187052098552127,0.0481821056419447,8.837263772766438,1.810812115009691,17.325816716880986,3.253213346916647,44.523388672181554,11.834288433517091,0.6293683319449515,0.11303382195894827,0.5714285714285714,0.36363636363636365,0.4444444444444444
metalization,mRMR,0,21,0.6111111111111112,0.5310168384547181,6,50.52666830000817,54,0.6543144894191801,0.6010009890222676,0.05652660547909716,9.251641742521665,1.983285125394075,17.926611848259213,4.172897352979689,46.80509256149877,9.744730131101598,0.6069586616110871,0.14102296470208797,0.5333333333333333,0.7272727272727273,0.6153846153846153
metalization,mRMR,1,12,0.7777777777777778,0.6214841763901504,4,42.774683900002856,54,0.6542582977891684,0.5950660672810871,0.06421497104184289,9.4165249932348,2.2347200331449324,17.993304684410926,4.250165850137292,47.03080967775122,10.082790665291391,0.598213308333735,0.16540046838240346,0.4444444444444444,0.36363636363636365,0.39999999999999997
metalization,mRMR,2,12,0.7777777777777778,0.6214841763901504,4,52.30601380000007,54,0.64832366558533,0.6050715298389273,0.05374411925380184,9.176204333647851,2.0726864373008898,17.678931592579435,3.763346061628945,46.29790880096377,10.241913044130387,0.6122449933315892,0.13778348972628743,0.4444444444444444,0.36363636363636365,0.39999999999999997
metalization,mRMR,3,12,0.7777777777777778,0.5586484290178462,4,37.10340410000936,54,0.6536173744729992,0.599287421989624,0.057084939429921426,9.328184660385375,2.186633433004202,17.888961333263726,4.1704902691729115,47.089629538101185,11.278600014088884,0.6098047953423722,0.13666821254086575,0.5,0.36363636363636365,0.4210526315789474
metalization,mRMR,4,11,0.7962962962962963,0.6377216900222293,4,59.53156449999369,54,0.6513660864579711,0.6065887562564678,0.06069447465203976,9.13951965138375,2.113091792339894,17.74765057719828,4.178114249413886,45.85380999319453,10.248057732735296,0.6114981910627473,0.15145772543840913,0.5,0.36363636363636365,0.4210526315789474
metalization,MI,0,16,0.7037037037037037,0.5394678025531459,13,38.10293689998798,54,0.656176651095604,0.6125529293231532,0.060256687790267285,8.96556275823493,1.8828949722365236,17.4541706062825,3.831166319991302,43.905757337840434,9.603942076861944,0.6200749129964512,0.15435328666796794,0.8571428571428571,0.5454545454545454,0.6666666666666665
metalization,MI,1,15,0.7222222222222222,0.5421361052523426,13,36.98463880000054,54,0.6591609065431737,0.6163599661821114,0.06175078709751145,8.860558134579927,1.8408611121672867,17.165099029715105,3.834620534415342,43.459635873580915,9.897547670343679,0.628757668893534,0.16019354112813056,0.8333333333333334,0.45454545454545453,0.5882352941176471
metalization,MI,2,13,0.7592592592592593,0.5452993335625488,11,56.173704700006056,54,0.6606739627367079,0.6240491122589789,0.051279106370336364,8.71980471976948,1.8763129016977453,17.00619809407926,3.677925634635704,42.470946777996346,11.243196058275718,0.6389475611483444,0.13790403844727808,1.0,0.45454545454545453,0.625
metalization,MI,3,14,0.7407407407407407,0.5391080016663067,13,43.04452909999236,54,0.6539559822425831,0.6266105228828053,0.057562320666798915,8.654787187717343,1.9052781759780848,16.83202985331363,3.9046019665153837,42.89390281680417,9.439256882860356,0.6494005483922562,0.14124782764326616,1.0,0.45454545454545453,0.625
metalization,MI,4,13,0.7592592592592593,0.5452993335625488,11,49.76760269999795,54,0.6519876877070157,0.622003624162618,0.05618432326241983,8.78840071405648,2.049742819414458,17.419308804165116,4.168287410098918,42.607010582333295,10.765590436889877,0.6294661363297493,0.1291462958465769,1.0,0.45454545454545453,0.625
metalization,DDA,0,9,0.8333333333333334,0.6685106027119498,1,28.141122799992445,55,0.6686207435624107,0.6306251267057952,0.044847306978382975,8.562682756678802,1.7328242120066633,16.675230974105784,3.362014535897352,41.955260477034436,9.405258005674737,0.6551597597975996,0.11772126619697872,0.875,0.6363636363636364,0.7368421052631579
metalization,DDA,1,13,0.7592592592592593,0.5917652807718187,4,30.174680099997204,55,0.6694944289886761,0.6307179337951497,0.046475077501995796,8.561509828072607,1.7493717488233222,16.784918294871805,3.2047462946625664,42.47116857027081,10.322268692110253,0.6487340115671105,0.12269805819001042,0.8,0.7272727272727273,0.761904761904762
metalization,DDA,2,9,0.8333333333333334,0.7165990516024513,2,28.56590010000218,55,0.6732175503477261,0.6386659737322823,0.051576829558097524,8.360938227543473,1.732793936032082,16.669741585133966,3.5446207654938395,40.15429209730964,10.805053711984524,0.6494730674881384,0.1413699551917677,1.0,0.6363636363636364,0.7777777777777778
metalization,DDA,3,8,0.8518518518518519,0.6720941311515896,1,26.350757799998973,55,0.6787519135789024,0.6487320194945626,0.05124976477798537,8.146370382995862,1.763435110066353,16.262249590151672,3.531705984562369,39.182129319651594,10.61999355474794,0.6692867412955674,0.1351044479436172,0.8571428571428571,0.5454545454545454,0.6666666666666665
metalization,DDA,4,10,0.8148148148148149,0.688847777533204,2,28.246848799986765,55,0.6601036748912104,0.6256916676438464,0.05641719366856689,8.655463029342595,1.7916276532386646,17.12215632663401,3.9009490528210375,42.329849311378545,10.208562775896478,0.6325230390380577,0.1535140301525332,0.875,0.6363636363636364,0.7368421052631579
metalization,PFI-SBS,0,6,0.8888888888888888,0.6230555436880977,3,59.95364069999778,54,0.6649469555754922,0.6273026916125701,0.06145571099925732,8.632458420636507,1.9223158666059823,16.962630185387482,4.10099072393895,41.159928749894256,8.451863105693842,0.6374454993134127,0.17283508978326145,1.0,0.36363636363636365,0.5333333333333333
metalization,PFI-SBS,1,5,0.9074074074074074,0.6582839838859786,1,58.28222670000105,54,0.6700411700684596,0.6305221028119735,0.043967863268336425,8.540923128322639,1.6257149721484285,16.675673437545445,3.4803032336203987,40.97892827235012,8.600356276253331,0.6478483314106988,0.14821064633860553,1.0,0.36363636363636365,0.5333333333333333
metalization,PFI-SBS,2,5,0.9074074074074074,0.6582839838859786,1,58.74119690000953,54,0.6717109100112244,0.6348085159425592,0.049328932466640996,8.445043927782224,1.6800212422401528,16.634326132590143,3.4926623849383183,40.50512490329973,9.143920612129074,0.6491499159967111,0.1503645539057219,1.0,0.36363636363636365,0.5333333333333333
metalization,PFI-SBS,3,5,0.9074074074074074,0.6582839838859786,1,59.1158318999951,54,0.6703686260350604,0.6391655807131805,0.05145323329892778,8.37047655576317,1.8114059215371614,16.47582874625025,3.7523276999803037,40.57616135149839,8.715646885539238,0.6602140498864241,0.1478810674388228,1.0,0.36363636363636365,0.5333333333333333
metalization,PFI-SBS,4,5,0.9074074074074074,0.6606040361258829,1,61.28427770000417,54,0.6680748096926996,0.6411757795296705,0.05414254542456826,8.31526750351697,1.7963801905245855,16.54422299896015,3.8494103516356195,40.479141289135214,11.150262110302505,0.6542905292443929,0.15475327600220992,1.0,0.36363636363636365,0.5333333333333333
metalization,NSGA2,0,2,0.962962962962963,0.7635876912126739,0,2843.423700500003,5411,0.6346226167554732,0.5936637901136969,0.05179841466689754,9.412590462695485,1.9581780702255929,18.270135686375394,4.309392850608168,45.11207864623639,10.886710246153369,0.5911856289220503,0.1421799888008213,1.0,0.18181818181818182,0.3076923076923077
metalization,NSGA2,1,2,0.962962962962963,0.7635876912126739,0,2710.030274799996,5151,0.6317140417567824,0.5936945482328588,0.05531331588594856,9.426758840994804,2.1031627421349612,18.40161554562018,4.264005852309648,45.20184592175627,10.342530224833938,0.586546707840409,0.13286936581851402,1.0,0.18181818181818182,0.3076923076923077
metalization,NSGA2,2,2,0.962962962962963,0.7635876912126739,0,2782.2540703999985,5245,0.6309118695741207,0.5924470508248489,0.050684847531875354,9.462895591855844,2.0571623012479643,18.447736022481596,4.038096568272813,45.58834696175198,10.874455882454814,0.584582563097135,0.12410119368216765,1.0,0.18181818181818182,0.3076923076923077
metalization,NSGA2,3,2,0.962962962962963,0.7635876912126739,0,2679.834386799994,5046,0.6326027510144162,0.5974366167541364,0.051745040443208865,9.351839850599829,2.0626226473211697,18.187207640174435,4.319416717764065,45.255329460460544,10.591603974318875,0.5974166401375215,0.13335548262629085,1.0,0.18181818181818182,0.3076923076923077
metalization,NSGA2,4,2,0.962962962962963,0.7635876912126739,0,2752.811462499987,5287,0.6296239186727364,0.5907551396477193,0.04951743468230896,9.496662486795232,2.009253837009721,18.57878811838989,4.131401418315025,46.142549158391795,10.999627950031732,0.5803407774543378,0.12265651719351843,1.0,0.18181818181818182,0.3076923076923077
deposition,ALL,0,54,0.0,0.460837294767931,19,1.5410302999953274,1,0.6080595943893433,0.6216807577991343,0.05464134012196337,9.395792290014532,1.7378177717279966,17.410091594463967,5.275602866340821,44.70342599959125,6.248733864150783,0.618754290711842,0.11631833766642061,0.2558139534883721,1.0,0.40740740740740744
deposition,ALL,1,54,0.0,0.460837294767931,19,1.2111942000046838,1,0.6143642331558419,0.6186863925640329,0.0612823213884737,9.51137069223198,2.0586094789402916,17.751302278924978,5.14923535487673,44.853116731999336,7.274054078136292,0.605538024559255,0.11151083002005945,0.2558139534883721,1.0,0.40740740740740744
deposition,ALL,2,54,0.0,0.460837294767931,19,1.3344648000056623,1,0.611093828582203,0.6192596311466207,0.05637571080854795,9.474280690838144,1.9121249423161906,17.65603274638577,4.995340298687097,43.887164197767596,7.181891144623371,0.6057288172688864,0.10647409654253544,0.2558139534883721,1.0,0.40740740740740744
deposition,ALL,3,54,0.0,0.460837294767931,19,1.1738206000009086,1,0.6128190440419301,0.6182576934265741,0.06071000060076404,9.473734355345682,1.8233454869152443,17.607599569942025,4.920306202548586,43.95990257923166,6.701785045890775,0.6027728094514239,0.12750226806268838,0.2558139534883721,1.0,0.40740740740740744
deposition,ALL,4,54,0.0,0.460837294767931,19,1.465293199988082,1,0.6140992164141341,0.6071261264067984,0.06320597976476365,9.782262116327082,2.0886634877405155,18.04504810227098,5.188346211094784,46.19157978510177,7.123883062704744,0.589130321507739,0.11469285040434671,0.2558139534883721,1.0,0.40740740740740744
deposition,FILTER,0,43,0.20370370370370372,0.34353058211084714,0,2.4166299999924377,2,0.6143294871596288,0.6117701432085021,0.05278958991410962,9.627325693753297,1.6338374907418967,17.88095033295857,5.269323069452895,46.59815379483989,7.645617391965441,0.5979932784562992,0.10983486453071303,0.2558139534883721,1.0,0.40740740740740744
deposition,FILTER,1,43,0.20370370370370372,0.34353058211084714,0,2.4346059000090463,2,0.6149938821368679,0.6186845541079927,0.05490716217878908,9.50544838370586,1.9076291508771397,17.70722381952951,5.157452495143536,45.52396838418625,7.668628941138919,0.6081956445881725,0.09856521139816521,0.2558139534883721,1.0,0.40740740740740744
deposition,FILTER,2,43,0.20370370370370372,0.34353058211084714,0,2.4141314000007696,2,0.6141408904071891,0.6176212487280804,0.06507539446335783,9.506662485324552,2.0102727679817027,17.781892369268082,5.2651879837981195,45.627262595592455,9.124706289811288,0.5992668661137031,0.11937481064346948,0.2558139534883721,1.0,0.40740740740740744
deposition,FILTER,3,43,0.20370370370370372,0.34353058211084714,0,2.8200644999888027,2,0.6143996043861806,0.6133966453781634,0.05981236940588398,9.6216937534102,1.9724592178366502,18.103972621724115,5.036117897194888,45.12553491488884,8.359095887330188,0.5837865112921311,0.11812040951949179,0.2558139534883721,1.0,0.40740740740740744
deposition,FILTER,4,43,0.20370370370370372,0.34353058211084714,0,2.8640235000057146,2,0.6182249877510229,0.6086322404053484,0.06185961073164291,9.75318516354007,2.0551780085638933,18.25826750166783,5.270680515835488,47.39224064411352,7.658970873269244,0.5825736447317287,0.1131987876038018,0.2558139534883721,1.0,0.40740740740740744
deposition,GA,0,7,0.8703703703703703,0.6823133923848915,1,10835.153246799993,15650,0.6498938314661928,0.6591851055178528,0.041420434794196735,8.517402073549453,1.7393283858739148,16.612961921893124,4.925029002465487,36.20352286090413,4.759188889494132,0.6479089385583018,0.1219171730519674,1.0,0.5454545454545454,0.7058823529411764
deposition,GA,1,10,0.8148148148148149,0.4770264736517567,0,5922.245118299994,7244,0.6301379677679924,0.6442249131830441,0.04436398763462985,8.872207652692019,1.6618519705364454,17.116627468874288,4.78212492769349,38.188727528540284,6.061971206252904,0.6305798031144199,0.09900542322485434,0.5,0.45454545454545453,0.47619047619047616
deposition,GA,2,6,0.8888888888888888,0.5932181607302175,0,8365.95896080001,11287,0.6377603606744486,0.6612582435480114,0.047723285059632234,8.503226454279813,2.0118805745726505,16.512695421477563,5.122900131859742,36.0055248176096,6.2204599506775,0.6597082457908456,0.09894204970140599,0.8333333333333334,0.45454545454545453,0.5882352941176471
deposition,GA,3,8,0.8518518518518519,0.5876010396193312,0,5334.436714099997,6701,0.6355013288024296,0.6465686799632305,0.04984782742667027,8.83670912822215,1.937629013040849,17.105078405566715,4.9321330884483245,37.52013359311965,6.1988759136535,0.6312851053679278,0.10911466708654224,0.5,0.36363636363636365,0.4210526315789474
deposition,GA,4,11,0.7962962962962963,0.46007655725374735,6,9945.139427100003,15653,0.6387894475144649,0.6628953640041261,0.043399126652736805,8.46314952644315,1.9248598420549732,16.23892465597103,5.069167001609925,36.92540654753266,6.2404269915951724,0.6666979568913831,0.10637074603999766,0.625,0.45454545454545453,0.5263157894736842
deposition,TSFGA,0,8,0.8518518518518519,0.45617279517476134,0,4034.133952300006,5587,0.6322150543804894,0.6310856573465227,0.05766448678286986,9.21183203211137,1.9509436288116502,17.61517406191279,5.283050350087601,39.96641437439884,6.923902091642721,0.6068778745089495,0.1303211021353248,0.5,0.36363636363636365,0.4210526315789474
deposition,TSFGA,1,8,0.8518518518518519,0.541587516117307,0,4562.898168000014,6363,0.6432782550034919,0.6508884826125693,0.04498566290473305,8.7049960038201,1.6604677199193665,17.0308897326192,4.746023701722562,37.537710949556185,5.76386965950124,0.6378711609303854,0.08703141826615185,0.625,0.45454545454545453,0.5263157894736842
deposition,TSFGA,2,9,0.8333333333333334,0.4725613357226635,0,4720.8037626000005,6593,0.646707446113603,0.6514939822590227,0.05721246266795967,8.73685287328038,2.0851547100993097,16.931019447870213,5.613840310341168,37.61157585146714,7.002172619621133,0.6414356805783962,0.12885939356582657,0.5555555555555556,0.45454545454545453,0.5
deposition,TSFGA,3,10,0.8148148148148149,0.4630607630219302,0,3131.117575299999,4193,0.6293745468791649,0.6362972705025421,0.04769955469921753,9.040468599314682,1.6103356241197684,17.38475427677059,4.595088322984846,39.19496670068153,5.960145991719294,0.6121361147841351,0.11825062307571792,0.7,0.6363636363636364,0.6666666666666666
deposition,TSFGA,4,6,0.8888888888888888,0.6038042881776298,0,6157.466961699989,9150,0.6546642074680584,0.6633206581346756,0.04312657070575472,8.427534079464355,1.8220786735988928,16.574276773704632,4.985591160227891,35.672238398449025,5.789748314550793,0.6537658644219879,0.11375756981064389,0.8333333333333334,0.45454545454545453,0.5882352941176471
deposition,mRMR,0,30,0.4444444444444444,0.5194408106213507,16,47.45906560000731,54,0.6366870795589733,0.6287486953012679,0.04411543175205885,9.250337090989156,1.7293643013637439,17.18752353323553,5.171110140065155,42.26783944590884,4.898766400198665,0.631590377266462,0.09540387092439441,0.38095238095238093,0.7272727272727273,0.5
deposition,mRMR,1,24,0.5555555555555556,0.5271397417628588,14,46.9971760000044,54,0.635702409018419,0.6295766274007505,0.058134356536406605,9.275750625210083,2.140887209348538,17.577844588014745,5.37322026184441,41.15470502501388,5.986091164824767,0.6166335829241597,0.1144203107061089,0.4375,0.6363636363636364,0.5185185185185185
deposition,mRMR,2,17,0.6851851851851851,0.5257656914164507,7,46.99935389999882,54,0.6356485022635705,0.6404679701117636,0.04286669911421187,8.985126205381025,1.8083829836039773,17.049018783980657,4.9806490066341444,39.04640296360615,6.160128187092125,0.6380076144208212,0.08445637785445405,0.38461538461538464,0.45454545454545453,0.41666666666666663
deposition,mRMR,3,18,0.6666666666666667,0.5202375170116672,7,46.5811001000111,54,0.6319590501202674,0.6329102990934216,0.04871308717315912,9.156160302991735,1.8415655803132198,17.302198434855246,5.211763089419603,40.447019499031825,6.049635381066333,0.62659202488441,0.100187071217526,0.35714285714285715,0.45454545454545453,0.4
deposition,mRMR,4,26,0.5185185185185186,0.5265787651705374,14,47.577839999998105,54,0.6333114216885057,0.6211628989475865,0.046673816916255655,9.44759125222009,1.851677061731443,17.706970399311093,5.020271977660314,42.32846863767619,5.069695673757096,0.607557517557557,0.09454520123247745,0.3888888888888889,0.6363636363636364,0.4827586206896552
deposition,MI,0,15,0.7222222222222222,0.5532862524403677,16,48.578445500010275,54,0.6451996800974122,0.6541580607275628,0.04080146741858802,8.624509728266162,1.6131660838654303,16.30979712104819,4.921658139754392,37.27143731862679,5.222902907405876,0.6669751157008363,0.09494033048407545,0.8333333333333334,0.45454545454545453,0.5882352941176471
deposition,MI,1,18,0.6666666666666667,0.5562967261340214,16,47.96815929999866,54,0.6422537358241325,0.6442227726731033,0.053295825854755036,8.866325479371271,1.7699371577083358,17.0136647424918,5.1002071076265185,38.36877234161215,5.952268746351268,0.6382380543292496,0.10894852133465592,0.6666666666666666,0.5454545454545454,0.6
deposition,MI,2,15,0.7222222222222222,0.5532862524403677,16,48.29930529999547,54,0.6462236696572077,0.6480629459901217,0.04143304565428488,8.769898587792222,1.588930006226646,16.81916544299251,4.494406024374203,37.361507970254685,5.149153817796938,0.6404156214065213,0.10104485522795897,0.8333333333333334,0.45454545454545453,0.5882352941176471
deposition,MI,3,18,0.6666666666666667,0.5562967261340214,16,48.24556319999101,54,0.6382178227060453,0.6438796092104438,0.04974533653941408,8.892379098833093,1.8234849628430225,17.038825606114877,5.0598028465595295,38.33103432571131,5.438226383969014,0.6366601418476604,0.10689782975831194,0.6666666666666666,0.5454545454545454,0.6
deposition,MI,4,15,0.7222222222222222,0.5532862524403677,16,47.40938690000621,54,0.6471027838739623,0.6461383894875319,0.038828241286234806,8.83419387153259,1.6838589483120923,16.83039915946761,4.745042468461473,37.723339863554706,4.90435298852087,0.6435717200171479,0.09471000669254681,0.8333333333333334,0.45454545454545453,0.5882352941176471
deposition,DDA,0,12,0.7777777777777778,0.6537212860846123,7,31.530379500007257,55,0.6598917448633377,0.6600456064324696,0.041824740803253664,8.468638979982368,1.574612321975565,16.484690420071026,4.866294073356859,35.84243395862178,4.421933203938728,0.6528346707411313,0.115399178663905,1.0,0.6363636363636364,0.7777777777777778
deposition,DDA,1,14,0.7407407407407407,0.6470700033654793,7,32.279700499988394,55,0.6594853742636122,0.6597748818692921,0.04576933379825084,8.530882620358987,1.8783607283113817,16.485997724423658,4.983736952719809,36.302976379904166,5.938956088847042,0.662434020642768,0.09168684142550523,0.7777777777777778,0.6363636363636364,0.7000000000000001
deposition,DDA,2,12,0.7777777777777778,0.6399987498736563,6,31.589965499995742,55,0.6521197097260025,0.6485909944436401,0.050719721891174394,8.745778565951902,1.6990595665262636,17.002189478637995,4.409093246439662,37.11313223201295,6.175847723366219,0.6249737757735893,0.12466086182739564,0.7142857142857143,0.45454545454545453,0.5555555555555556
deposition,DDA,3,15,0.7222222222222222,0.5636302058295765,16,36.72028580000915,55,0.6499208399734415,0.6485447042630166,0.04164221622242048,8.763619581112632,1.6344804330360816,16.98723756176373,4.654456910281658,36.62456635394642,4.929791662985666,0.6347575951492422,0.10482949077690362,0.8333333333333334,0.45454545454545453,0.5882352941176471
deposition,DDA,4,17,0.6851851851851851,0.6409954705459862,10,34.075473300006706,55,0.6557336919434407,0.6487166035326365,0.04772457385835265,8.761220177820201,1.804925990509035,16.85859831873907,4.792097152993388,37.5758450623816,4.796225512803213,0.6406724673182499,0.10225230724566708,0.7,0.6363636363636364,0.6666666666666666
deposition,PFI-SBS,0,8,0.8518518518518519,0.5867451978370544,6,58.326388699992094,54,0.654654860266235,0.6569825468068647,0.04263376592617664,8.539129666521719,1.575790192573548,16.359795415523664,5.013437829889443,36.33247791902674,4.531199186460633,0.6578485036682783,0.12865491802385715,1.0,0.36363636363636365,0.5333333333333333
deposition,PFI-SBS,1,13,0.7592592592592593,0.5279544557018638,9,57.217983199996524,54,0.6548613801266274,0.6547293336326427,0.0437765878465585,8.638498805595386,1.8129426774891975,16.676010448502506,4.836744497055828,35.9904016055721,5.072339206394061,0.6518260877695022,0.0894009544199871,0.75,0.5454545454545454,0.631578947368421
deposition,PFI-SBS,2,12,0.7777777777777778,0.5341624055245379,9,56.49141580000287,54,0.6543230521729451,0.6590645283083831,0.034998112602146046,8.506041343623814,1.5660663354523228,16.53644749222192,4.4647913780494015,35.42709046071154,4.719682523255434,0.6505039668686773,0.10096339536596567,0.8571428571428571,0.5454545454545454,0.6666666666666665
deposition,PFI-SBS,3,14,0.7407407407407407,0.5786199879444635,10,58.70244839999941,54,0.6555626340710814,0.6610862458003087,0.03573581367949842,8.480158156322634,1.7078620518365437,16.576657705098533,4.941648698056727,35.653106255292094,5.00279612002963,0.6558459882885778,0.101550103120677,0.75,0.5454545454545454,0.631578947368421
deposition,PFI-SBS,4,13,0.7592592592592593,0.5279544557018638,9,57.23581230000127,54,0.6552576115456573,0.6529993393398839,0.04114375084261446,8.68517474800393,1.84351051436256,16.781842685617377,4.916818819283129,36.64682347583861,4.7763363179276555,0.6459205184034283,0.09971234248834471,0.75,0.5454545454545454,0.631578947368421
deposition,NSGA2,0,2,0.962962962962963,0.7312443241491433,0,2610.776173899998,5161,0.6259850912786924,0.6427873813647536,0.04296818267860856,8.890565897628933,1.5670160419900605,17.211671196291782,4.898272525746443,37.80001165378954,5.6009119469259945,0.6196553292434446,0.13341306505626668,1.0,0.18181818181818182,0.3076923076923077
deposition,NSGA2,1,2,0.962962962962963,0.7312443241491433,0,3051.293993900006,6052,0.6231909628302471,0.6458948743928378,0.04053275592657156,8.827272870118765,1.6053186831201758,17.15482272855665,4.710423983635388,37.105301592107,5.172074014713873,0.6271981768559325,0.10594501074855808,1.0,0.18181818181818182,0.3076923076923077
deposition,NSGA2,2,2,0.962962962962963,0.7312443241491433,0,3271.0195024999994,6386,0.6186222790832147,0.6464998166865327,0.04672888010237717,8.805451146450356,1.6661968695037923,17.236345599445066,4.871707273108875,37.12025372398896,6.092433713341542,0.6155115483105825,0.14350662173461762,1.0,0.18181818181818182,0.3076923076923077
deposition,NSGA2,3,2,0.962962962962963,0.7312443241491433,0,2766.0696628000005,5564,0.6201257124251646,0.6437710180526498,0.040141218042367685,8.865736033122507,1.5310208715735347,17.274376702710022,4.758494017744366,37.30449680336717,4.651176145433993,0.617328513576487,0.130602059707774,1.0,0.18181818181818182,0.3076923076923077
deposition,NSGA2,4,2,0.962962962962963,0.7312443241491433,0,2858.056172700002,5705,0.6203215402204724,0.6419845867722407,0.03774886234746337,8.926302243164658,1.6049068753277278,17.324438713090412,4.827204761167378,37.23122854921028,5.053863902922721,0.6166089582153582,0.12685369297424995,1.0,0.18181818181818182,0.3076923076923077
planarization,ALL,0,54,0.0,0.42170216505435826,18,1.335732299994561,1,0.6286716449780296,0.6305053567323988,0.06448675432820668,6.982343150563557,2.1851915839189338,13.121216287690931,5.261215365872763,41.5257399862967,9.192718367471695,0.5683682172029678,0.20567696364969634,0.2558139534883721,1.0,0.40740740740740744
planarization,ALL,1,54,0.0,0.42170216505435826,18,1.3750963999918895,1,0.6196643376810054,0.6293061695423879,0.07000372296588604,7.036544989618002,2.36472632689607,13.00696004004624,5.501308821812098,42.070341744336446,8.87982193259887,0.5785358857077537,0.21042740679779423,0.2558139534883721,1.0,0.40740740740740744
planarization,ALL,2,54,0.0,0.42170216505435826,18,1.3205994000018109,1,0.6203979640139942,0.6362288582353322,0.07191008668273471,6.890776199325828,2.2704878577914887,12.993530321806018,5.3744302587113655,41.07699611800652,9.293481264425912,0.5625632707446698,0.2651015108488145,0.2558139534883721,1.0,0.40740740740740744
planarization,ALL,3,54,0.0,0.42170216505435826,18,1.3671698999969522,1,0.6219279860756178,0.6275576089636423,0.07870971616388768,7.039406336864802,2.3204280698962756,13.410425810840733,5.254076130279762,41.481657132728294,10.538726066555542,0.5273478279685885,0.2770161058308965,0.2558139534883721,1.0,0.40740740740740744
planarization,ALL,4,54,0.0,0.42170216505435826,18,1.2757949999941047,1,0.6220200424851645,0.6395883964465284,0.06873435843169201,6.864990942383691,2.338311247267235,12.797356577036702,5.532613927576035,41.15787492846497,9.172867564757087,0.6024499537121258,0.18346824270213807,0.2558139534883721,1.0,0.40740740740740744
planarization,FILTER,0,43,0.20370370370370372,0.2928087136205179,0,2.2943479000095977,2,0.6198159662634288,0.6292532050425952,0.07183688458932766,7.050532601236573,2.399400472425149,13.232570960410335,5.313139193038251,42.025602052904354,10.067062939530523,0.5604368109128949,0.2104121383386655,0.2558139534883721,1.0,0.40740740740740744
planarization,FILTER,1,43,0.20370370370370372,0.2928087136205179,0,2.0369888999994146,2,0.6117739065128464,0.6306036437286181,0.07578931267571087,7.045830226962489,2.5227508380507304,13.04324607026739,5.4582213019074475,42.05177882759269,10.570578183525082,0.5755389490891808,0.21007055958492915,0.2558139534883721,1.0,0.40740740740740744
planarization,FILTER,2,43,0.20370370370370372,0.2928087136205179,0,2.315102799999295,2,0.6158329888904275,0.6299046703587374,0.07401807452550414,7.035747692665368,2.409309559398117,13.292606536296223,5.516510943373706,41.344977649076185,9.421297132682344,0.5487090008979228,0.24985261928906485,0.2558139534883721,1.0,0.40740740740740744
planarization,FILTER,3,43,0.20370370370370372,0.2928087136205179,0,1.9332591000129469,2,0.6216388907655417,0.6271283461391373,0.07715931924616179,7.058523719182398,2.333407012215669,13.509530120257262,5.280760427188195,41.207009374709756,9.685830511554743,0.523582752134352,0.27776011584091226,0.2558139534883721,1.0,0.40740740740740744
planarization,FILTER,4,43,0.20370370370370372,0.2928087136205179,0,2.267166100005852,2,0.6122575134542265,0.6355083483748127,0.07274086441115464,6.95560931836125,2.446746426830984,12.968665517877831,5.557038002702216,41.87848956790592,9.762645962336173,0.590310302188573,0.18885580384778816,0.2558139534883721,1.0,0.40740740740740744
planarization,GA,0,10,0.8148148148148149,0.5530176369094539,4,6163.799477500012,9197,0.6731424679433312,0.6767661143242434,0.05434263834368149,6.135750092339082,2.008026971300241,12.109354267882122,4.741740278310427,32.847168734817004,6.243220030565284,0.6278018041601545,0.19997070464197675,0.8571428571428571,0.5454545454545454,0.6666666666666665
planarization,GA,1,9,0.8333333333333334,0.4526434388856063,0,5764.360377399993,8804,0.6463283757384892,0.6465271472744083,0.06434584005609331,6.726189062592209,2.221594770589215,13.036501950248098,5.179711080813332,38.3669843710411,10.10719384005175,0.5830230608316225,0.20990366722582593,0.6666666666666666,0.5454545454545454,0.6
planarization,GA,2,9,0.8333333333333334,0.5941605115934563,2,6066.510696800004,9501,0.6627010615332936,0.6539646746973408,0.05658267671859817,6.578425125184767,2.145548383508972,12.700248075709418,5.02063958212928,36.921702559529884,7.948436417815058,0.5832624768027803,0.2587201258993854,0.5714285714285714,0.36363636363636365,0.4444444444444444
planarization,GA,3,11,0.7962962962962963,0.4551919643030724,2,5143.782545599999,7937,0.6576664082115482,0.646708043009189,0.06461865986279665,6.718185964239697,2.183003172278693,12.854250803567817,4.931722909492285,38.25394166365747,10.400551449220263,0.5955621731469614,0.1869250050789044,0.5555555555555556,0.45454545454545453,0.5
planarization,GA,4,6,0.8888888888888888,0.4721385298046515,0,7745.767832400001,15652,0.6454882306493939,0.6346915352902993,0.07239687728744848,6.980574059157319,2.4277536937046706,13.174174828411795,5.042151061625938,38.11843224755826,10.32467386115285,0.5867329419952348,0.17910333448512358,0.5,0.2727272727272727,0.3529411764705882
planarization,TSFGA,0,7,0.8703703703703703,0.5332921959680216,0,4766.7456256000005,8624,0.6661188872573349,0.6730321676805163,0.06268791732733263,6.230621995767504,2.1519090164997827,12.242769662624159,4.967537410413683,33.32898365164579,6.774515272927898,0.6177249476631875,0.21383120180377593,0.5714285714285714,0.36363636363636365,0.4444444444444444
planarization,TSFGA,1,4,0.9259259259259259,0.5681459288221558,0,4262.630864999999,7461,0.6472339980480786,0.6606795542989671,0.06594288083142263,6.4943352449826675,2.3260883725375563,12.510709530675094,5.196473992735516,34.38791739570823,6.578588129145555,0.6107110083293309,0.2079234452396772,0.5,0.18181818181818182,0.26666666666666666
planarization,TSFGA,2,5,0.9074074074074074,0.5177315262664193,0,5674.298431700008,11243,0.6468879504797158,0.6532897854283796,0.06734239421711838,6.622163235143869,2.3252684675682933,12.700870210508539,5.344233001226895,36.6699650084575,7.90652514219785,0.5930772889539687,0.2418594567098711,0.4,0.18181818181818182,0.25000000000000006
planarization,TSFGA,3,8,0.8518518518518519,0.5414242960229845,0,3983.34435259999,7133,0.672243814684798,0.6661085896967246,0.06058620139031927,6.33292734122015,2.063910913348923,12.65852142155444,4.740999024604215,33.185298615041376,6.433395626483781,0.584362896665629,0.23998759434141642,0.875,0.6363636363636364,0.7368421052631579
planarization,TSFGA,4,7,0.8703703703703703,0.5102273849823807,0,4200.613616700008,7676,0.6496347400787597,0.6607339856864949,0.0550672640381967,6.461841937995273,2.1116513752833015,12.313070242077837,4.943718140494166,36.025886871429215,7.5041218006145085,0.6272030553489786,0.15524370453009909,0.5714285714285714,0.36363636363636365,0.4444444444444444
planarization,mRMR,0,4,0.9259259259259259,0.5698769664134982,0,47.1735478000046,54,0.6569144005850716,0.6416193479731868,0.06207368119274954,6.8347106656599745,2.265170131416803,13.256910610488893,5.019545272819844,36.58831730242859,9.89462323141373,0.5781400095435956,0.18581609623736514,0.75,0.2727272727272727,0.39999999999999997
planarization,mRMR,1,4,0.9259259259259259,0.5698769664134982,0,48.88303029999952,54,0.6585208761349601,0.6415225780785536,0.06238835696104851,6.837448507500292,2.279199007866645,13.15332722009921,5.108194051710801,37.165933837856315,10.23986944199886,0.5880776882454188,0.1831408506554866,0.75,0.2727272727272727,0.39999999999999997
planarization,mRMR,2,4,0.9259259259259259,0.5698769664134982,0,47.184852700011106,54,0.6597851193834896,0.6468479130511169,0.06522291300761836,6.733514742477467,2.2518331757773913,12.907096042249188,5.055779774949974,36.61746359844572,9.955306726754015,0.6021924768879109,0.17317476994886424,0.75,0.2727272727272727,0.39999999999999997
planarization,mRMR,3,4,0.9259259259259259,0.5698769664134982,0,47.59016259999771,54,0.6576356683790312,0.6432983234734219,0.06645753119804297,6.820323968363676,2.358927952145041,12.916911601194016,5.17716416517217,36.82080681657567,10.29324586787843,0.6113767292863675,0.14527215724742612,0.75,0.2727272727272727,0.39999999999999997
planarization,mRMR,4,4,0.9259259259259259,0.5698769664134982,0,46.36638089999906,54,0.6514611163330889,0.638903132889926,0.06601079091850352,6.862088028566679,2.223160462929511,13.259839269568102,4.947790394228082,36.997088216986036,10.0636030026394,0.5702035692877129,0.21192060343290073,0.75,0.2727272727272727,0.39999999999999997
planarization,MI,0,13,0.7592592592592593,0.5491998770116712,12,47.916593400004786,54,0.6762305876623466,0.6713412888847986,0.055033482910097235,6.239542054796726,2.034687416943724,12.217992084804216,5.0434193247981085,34.341011408570694,6.6780810159791955,0.6270397570229113,0.1909465350612227,1.0,0.5454545454545454,0.7058823529411764
planarization,MI,1,14,0.7407407407407407,0.5483390403705175,13,45.945243900001515,54,0.6686227342239137,0.6702880156102251,0.05553375216322557,6.265501524643763,2.056296141275328,12.193217108559137,5.054174473558348,34.62996668931563,6.7159107654927555,0.6232157045868979,0.20926498297927432,1.0,0.5454545454545454,0.7058823529411764
planarization,MI,2,13,0.7592592592592593,0.5491998770116712,12,48.65572310000425,54,0.6681730841009204,0.6709788951630707,0.056435099418952826,6.2329893919658454,1.9782354162697466,12.21384789377953,4.89757274051929,34.42735197599345,6.509959299697019,0.6134302278915678,0.23236859369313995,1.0,0.5454545454545454,0.7058823529411764
planarization,MI,3,12,0.7777777777777778,0.5468135915508726,12,48.512280900002224,54,0.6706556082527273,0.6666457797827813,0.05545885457269312,6.3047335168927265,1.9582645788398771,12.427777704137783,4.852782629311913,34.078578403768994,6.055934892277293,0.5996021150996823,0.2288066769700745,1.0,0.45454545454545453,0.625
planarization,MI,4,13,0.7592592592592593,0.5457756900102564,13,48.32638399999996,54,0.6729893490294588,0.6782039651458205,0.054014452158276396,6.114609339153849,1.9822920158229145,11.875734814421389,5.060384473564956,33.69922181188233,6.423809618006868,0.6569185602690248,0.14907743171682603,1.0,0.45454545454545453,0.625
planarization,DDA,0,13,0.7592592592592593,0.5457756900102564,13,34.00203899999906,55,0.6784567092927385,0.673551063939739,0.05323450854372231,6.195989125369634,1.9978121683382044,12.14434566788878,5.044588548981449,34.27648091704468,6.520061214190573,0.6343507380741829,0.1779855869554593,1.0,0.45454545454545453,0.625
planarization,DDA,1,13,0.7592592592592593,0.5532385492810982,9,32.51193520000379,55,0.6763102208824496,0.6709380059092586,0.055746179525384784,6.241929700478457,2.0221586226534027,12.339934171689546,5.033693710941039,34.07834650384929,6.909163886411875,0.6129500380219108,0.2087986801491546,0.8571428571428571,0.5454545454545454,0.6666666666666665
planarization,DDA,2,12,0.7777777777777778,0.5501817579783003,9,31.049506600000313,55,0.674713492036136,0.6696032204693573,0.05576551620614966,6.26008270167705,1.993489176323324,12.28633309588328,4.972156240990069,34.18630555340666,6.619819267101056,0.6089936042975741,0.24172729589635197,1.0,0.5454545454545454,0.7058823529411764
planarization,DDA,3,14,0.7407407407407407,0.55914753598981,8,29.86234959999274,55,0.674634064722589,0.6680008490290876,0.05502257831943477,6.268451326247937,1.911636918709865,12.392866588502333,4.821138169924193,34.05771267675589,6.471724142917711,0.6000980734078615,0.24162073791909353,0.875,0.6363636363636364,0.7368421052631579
planarization,DDA,4,15,0.7222222222222222,0.540773653279224,13,31.69434140001249,55,0.677634618766739,0.6817090136466102,0.05034707677863194,6.034762770634688,1.8845118668444507,11.817757073629833,4.936397175179424,33.66822451110589,6.5190972251575925,0.6598587051685136,0.14997629514018307,0.8571428571428571,0.5454545454545454,0.6666666666666665
planarization,PFI-SBS,0,8,0.8518518518518519,0.6894168115303316,4,56.68695570000273,54,0.6782860115874751,0.6788350460889221,0.05620209939222636,6.102853216969645,2.017850282527247,11.865969874923557,4.917774436133274,33.03079042363276,6.403454075047049,0.652933764700892,0.15838702792586604,1.0,0.45454545454545453,0.625
planarization,PFI-SBS,1,15,0.7222222222222222,0.546825336592852,13,57.02080620000197,54,0.6696708155488276,0.6686125411582854,0.05685302519513026,6.291706420205486,2.053436826845312,12.376703607620962,5.046273677614783,34.62360706641771,7.09262871927899,0.6133723980204755,0.2032825710762933,0.8571428571428571,0.5454545454545454,0.6666666666666665
planarization,PFI-SBS,2,8,0.8518518518518519,0.6904377351489381,4,56.181413600003,54,0.6725556339898915,0.6752839916325597,0.05977884323265074,6.16484386787053,2.0397266559216285,12.021094630568163,4.991121833712557,33.48817342678942,6.252033397722731,0.6331448622752789,0.20218269993383745,1.0,0.45454545454545453,0.625
planarization,PFI-SBS,3,9,0.8333333333333334,0.6649016371155407,5,56.15294559999893,54,0.6732651152356466,0.6691501988532274,0.05657511456894438,6.259250190334141,1.9672059428093585,12.368280126138123,4.894390065433815,33.736572731935006,6.159286204880677,0.6043127530204573,0.2248650540745791,1.0,0.45454545454545453,0.625
planarization,PFI-SBS,4,9,0.8333333333333334,0.6637778426890258,5,56.23010620000423,54,0.6725717814254768,0.6797743325822755,0.05524541698393813,6.093363153677655,2.0167467734045883,11.758242532167047,5.091998801633181,33.42421611338133,6.692177801460088,0.6663505598254671,0.14290753295547654,1.0,0.45454545454545453,0.625
planarization,NSGA2,0,2,0.962962962962963,0.744181367016264,0,2675.1650137000106,6293,0.649161082568471,0.6543031134952157,0.05977787187671795,6.581272309775812,2.19227281657161,12.642962990603808,4.977402306165294,34.8304281502649,5.962116863875193,0.5999105268057531,0.20879021008540413,1.0,0.18181818181818182,0.3076923076923077
planarization,NSGA2,1,2,0.962962962962963,0.744181367016264,0,2749.2376240999874,6572,0.6432662846964132,0.6540882191870391,0.05989149009847397,6.610325453540032,2.2797900927248484,12.771313684327662,5.106273885702949,35.04449182867469,6.360930020751059,0.5949665925740623,0.20802413650245946,1.0,0.18181818181818182,0.3076923076923077
planarization,NSGA2,2,2,0.962962962962963,0.744181367016264,0,2466.8820266999974,5626,0.6475126495280625,0.6522429814547972,0.06540088756732604,6.647449414432002,2.3387746265082914,12.741708100190978,5.219471334698589,35.34715971711831,6.734468801025669,0.5886480741061064,0.24744507072824845,1.0,0.18181818181818182,0.3076923076923077
planarization,NSGA2,3,2,0.962962962962963,0.744181367016264,0,2474.485102099992,5700,0.6502226467501682,0.651422347427015,0.06327331165453454,6.656440642350851,2.306956088405646,12.86882786275178,5.1576036387208255,34.830188600414765,6.318807097300534,0.5825287578513109,0.24225826940358328,1.0,0.18181818181818182,0.3076923076923077
planarization,NSGA2,4,2,0.962962962962963,0.744181367016264,0,2485.6472359000036,5730,0.6435180638290992,0.659589460577229,0.052886065087922075,6.492502774477326,2.1505196217698943,12.440473769947888,5.080881835774567,34.45264061097747,5.9403154490632035,0.6291042308223495,0.14895166502756618,1.0,0.18181818181818182,0.3076923076923077
