process,method,rec_precision,rec_recall,rec_f1
deposition,ALL,0.2558139534883721,1.0,0.40740740740740744
deposition,BGWO,1.0,0.36363636363636365,0.5333333333333333
deposition,BPSO,0.7555952380952381,0.38181818181818183,0.5033341933264535
deposition,Boruta,0.7133333333333333,0.37272727272727274,0.4889705882352942
deposition,DDA,0.8529761904761906,0.5181818181818182,0.6427244582043343
deposition,FILTER,0.2558139534883721,1.0,0.40740740740740744
deposition,GA,0.5774603174603175,0.40909090909090906,0.4761899847658362
deposition,LASSO,0.3235294117647059,1.0,0.48888888888888893
deposition,MI,0.8857142857142858,0.5454545454545454,0.6745098039215686
deposition,NSGA2,1.0,0.18181818181818182,0.3076923076923077
deposition,PFI-SBS,0.915079365079365,0.5181818181818182,0.6554901960784314
deposition,RFE,0.9214285714285715,0.4545454545454545,0.6070261437908496
deposition,TSFGA,0.5530555555555556,0.39090909090909093,0.4552777777777777
deposition,mRMR,0.6825108225108225,0.509090909090909,0.5777489177489177
etching,ALL,0.2558139534883721,1.0,0.40740740740740744
etching,BGWO,0.975,0.35454545454545455,0.52
etching,BPSO,0.6961904761904762,0.35454545454545455,0.4680882352941177
etching,Boruta,0.8375,0.5545454545454545,0.6666666666666665
etching,DDA,0.8950396825396826,0.5818181818181818,0.7021637426900584
etching,FILTER,0.2558139534883721,1.0,0.40740740740740744
etching,GA,0.6867965367965368,0.5272727272727272,0.5889853421432368
etching,LASSO,0.2682926829268293,1.0,0.4230769230769231
etching,MI,0.8928571428571429,0.4545454545454545,0.6000816993464053
etching,NSGA2,1.0,0.18181818181818182,0.3076923076923077
etching,PFI-SBS,0.7788888888888889,0.44545454545454544,0.555139318885449
etching,RFE,0.825,0.4636363636363637,0.5925696594427244
etching,TSFGA,0.6119047619047618,0.35454545454545455,0.44405228758169935
etching,mRMR,0.725,0.2727272727272727,0.3952941176470588
implantation,ALL,0.2558139534883721,1.0,0.40740740740740744
implantation,BGWO,0.925,0.33636363636363636,0.49333333333333335
implantation,BPSO,0.7195238095238095,0.3363636363636363,0.4521545284780578
implantation,Boruta,0.8142857142857143,0.5181818181818182,0.6321981424148606
implantation,DDA,0.7801587301587302,0.5181818181818182,0.6176805985552115
implantation,FILTER,0.2558139534883721,1.0,0.40740740740740744
implantation,GA,0.5441810966810967,0.40909090909090906,0.4629939376069407
implantation,LASSO,0.3142857142857143,1.0,0.4782608695652174
implantation,MI,0.8436363636363635,0.44545454545454544,0.5524458874458874
implantation,NSGA2,1.0,0.18181818181818182,0.3076923076923077
implantation,PFI-SBS,0.8016666666666667,0.37272727272727274,0.5076470588235295
implantation,RFE,0.755,0.2818181818181818,0.41
implantation,TSFGA,0.5884920634920634,0.4,0.47454420364637084
implantation,mRMR,0.5611111111111111,0.38181818181818183,0.45321637426900585
lithography,ALL,0.2558139534883721,1.0,0.40740740740740744
lithography,BGWO,1.0,0.36363636363636365,0.5333333333333333
lithography,BPSO,0.6309523809523809,0.3727272727272727,0.46797385620915033
lithography,Boruta,0.7871031746031746,0.6,0.6798245614035088
lithography,DDA,0.8825396825396826,0.5636363636363636,0.6844478844169246
lithography,FILTER,0.2558139534883721,1.0,0.40740740740740744
lithography,GA,0.6047619047619047,0.44545454545454544,0.5101434959948892
lithography,LASSO,0.3235294117647059,1.0,0.48888888888888893
lithography,MI,0.6910714285714286,0.42727272727272725,0.5271413828689371
lithography,NSGA2,1.0,0.18181818181818182,0.3076923076923077
lithography,PFI-SBS,0.8657142857142857,0.38181818181818183,0.5266666666666667
lithography,RFE,0.8699999999999999,0.38181818181818183,0.53
lithography,TSFGA,0.5602777777777778,0.35454545454545455,0.4305486756105951
lithography,mRMR,0.705,0.2727272727272727,0.39249999999999996
metalization,ALL,0.2558139534883721,1.0,0.40740740740740744
metalization,BGWO,1.0,0.33636363636363636,0.5019047619047619
metalization,BPSO,0.7778571428571428,0.40909090909090906,0.5334640522875818
metalization,Boruta,0.9400000000000001,0.42727272727272725,0.586421568627451
metalization,DDA,0.8571428571428571,0.5,0.6286850705194358
metalization,FILTER,0.2558139534883721,1.0,0.40740740740740744
metalization,GA,0.5917063492063492,0.4545454545454545,0.5079114452798663
metalization,LASSO,0.23809523809523808,0.909090909090909,0.3773584905660377
metalization,MI,1.0,0.37272727272727274,0.5425
metalization,NSGA2,1.0,0.18181818181818182,0.3076923076923077
metalization,PFI-SBS,1.0,0.4545454545454545,0.625
metalization,RFE,1.0,0.44545454545454544,0.6158333333333333
metalization,TSFGA,0.5756746031746032,0.3727272727272727,0.44945390436876503
metalization,mRMR,0.8277777777777777,0.5545454545454545,0.6629824561403508
planarization,ALL,0.2558139534883721,1.0,0.40740740740740744
planarization,BGWO,1.0,0.41818181818181815,0.5883333333333333
planarization,BPSO,0.7077380952380953,0.41818181818181815,0.5236283109735121
planarization,Boruta,0.8480158730158729,0.5181818181818182,0.6403474372205022
planarization,DDA,0.8867063492063492,0.5727272727272726,0.692875816993464
planarization,FILTER,0.2558139534883721,1.0,0.40740740740740744
planarization,GA,0.6550396825396826,0.5181818181818182,0.5766081871345029
planarization,LASSO,0.32142857142857145,0.8181818181818181,0.46153846153846156
planarization,MI,0.6964285714285714,0.4545454545454545,0.5497076023391813
planarization,NSGA2,1.0,0.18181818181818182,0.3076923076923077
planarization,PFI-SBS,0.835,0.44545454545454544,0.5785990712074304
planarization,RFE,0.8166666666666668,0.40909090909090906,0.5441176470588236
planarization,TSFGA,0.6772222222222222,0.39090909090909093,0.4893249054007568
planarization,mRMR,0.4,0.36363636363636365,0.380952380952381
