process,method,MRA,MAE,RMSE,MAPE,R2,PRF,n_selected,CFS,time_s,MRA_sd,MAE_sd,RMSE_sd,MAPE_sd,R2_sd,PRF_sd,n_selected_sd,CFS_sd,time_s_sd
deposition,ALL,0.6571272179524842,7.352766523971466,13.286480687133016,41.5930996431115,0.6568451558797387,0.0,54.0,0.4627753353842121,0.8817096000013407,0.00481388827644238,0.10425704717529319,0.19117989408914124,0.7575883379685397,0.010279014024944529,0.0,0.0,0.0,0.0721316330935202
deposition,FILTER,0.6466175348152616,7.576677131608692,13.550179984086501,43.42677756398132,0.6426883056148852,0.20370370370370372,43.0,0.3200251013752406,1.3837255000078585,0.002798885227799409,0.058066208002503214,0.1607245240430878,0.6308003008190863,0.009371937991290658,0.0,0.0,0.0,0.13654157207148307
deposition,GA,0.6733481127297434,7.045201293103581,12.724521941860727,36.55003902847121,0.6855354167543346,0.8333333333333334,9.0,0.5316909486973367,5646.622291380004,0.006730166983041711,0.15308675060208798,0.23649548832606657,0.7942941790201022,0.010799550932854864,0.024691358024691325,1.3333333333333333,0.0381389763538853,1790.528941905481
deposition,TSFGA,0.6761486401497263,6.955073862496659,12.824183245475144,36.163063790852206,0.6778808833708536,0.8555555555555555,7.8,0.5535217926822863,5005.77109128001,0.012905099942390828,0.29041319034919266,0.4409196566460875,1.635250184352323,0.02098144647254509,0.022764307301957748,1.2292725943057188,0.03379717575308963,1668.6495573746977
etching,ALL,0.7502190897508201,2.8669339816326014,4.841287178055526,26.50652226330947,0.7407579578883099,0.0,54.0,0.4545725379274435,0.8566827600006945,0.0032302893393645884,0.03966310822327269,0.09589453624712863,0.35174022519710646,0.00943875339895648,0.0,0.0,0.0,0.1099840733771817
etching,FILTER,0.7478036141110078,2.8897139940570176,4.810853468759371,27.258831386424617,0.7420579061945052,0.20370370370370372,43.0,0.3254931321609128,1.5915339800121728,0.00423221916834597,0.04965169789146086,0.08997270712230516,0.4558878923133043,0.008634527387595974,0.0,0.0,0.0,0.16421860727461107
etching,GA,0.7555769948852074,2.795540607494273,4.858301942265416,24.42487342931775,0.7322896858185148,0.8296296296296296,9.2,0.5349492474238386,5317.915463609999,0.011011961407017172,0.11883817245205676,0.2330687582889735,1.1098613303661398,0.02862299589363027,0.0324294457692931,1.751190071541826,0.03202096592393732,1772.2220716977758
etching,TSFGA,0.7662799711443531,2.6729558575823833,4.474131696410165,24.095791626213543,0.77329590773932,0.8796296296296295,6.5,0.5415841067392759,3840.261903579999,0.007818895457206347,0.08948951861372313,0.13344243682071424,1.068369240833241,0.013677790379528506,0.023505472548962677,1.2692955176439846,0.041648049059849306,855.8479624931092
implantation,ALL,0.6717058801759411,8.707405181353767,15.444789967204333,35.837114265720444,0.6849758708564684,0.0,54.0,0.4790851370810575,0.8995969700161368,0.003337149300793524,0.08843092581155973,0.12694308464688145,0.3992308693355067,0.00517839492703783,0.0,0.0,0.0,0.06586032591815813
implantation,FILTER,0.6690187744225193,8.786908035777028,15.669423011207822,36.160057503998665,0.6781418933062004,0.20370370370370372,43.0,0.32580463761897754,1.3641105300164782,0.0038846542104434946,0.10902911398043524,0.1831732207847982,0.4969859471782201,0.008165519145299562,0.0,0.0,0.0,0.12212363462567809
implantation,GA,0.6945224984840739,8.14199787819676,14.695248118500448,31.443296191057517,0.7177639757686831,0.8222222222222223,9.6,0.5493226647548075,5147.853183280007,0.011033114032881156,0.30493897640354656,0.539337832553517,1.6607861885437667,0.02073545301943326,0.02342427896421022,1.2649110640673515,0.04580108340031526,1318.5111798935009
implantation,TSFGA,0.7029799325955345,7.920758161655992,14.47546596170148,30.036699355728324,0.7281738081250808,0.861111111111111,7.5,0.5551355480191559,4407.119460610003,0.006705343367532053,0.18627185184877146,0.3355759587903537,0.7640117168089336,0.012313991207681339,0.01799676510754718,0.9718253158075499,0.04039015405049376,1229.6908890653042
lithography,ALL,0.7089611991240812,4.122916157310456,6.894875518990945,31.051072428708153,0.6140171935514349,0.0,54.0,0.4819966858252033,0.8477750200021547,0.0035638236539236056,0.048243566745303355,0.06657527612658559,0.44701950767429277,0.008256300133607486,0.0,0.0,0.0,0.09466129184384835
lithography,FILTER,0.707872920116816,4.14215815147952,6.9090815187674774,31.69104978364161,0.6123053970947743,0.18518518518518523,44.0,0.3586040393350959,1.3894536999927367,0.004249819617602375,0.06348249798349853,0.0900176594058119,0.5741653120522082,0.008701151121502696,0.0,0.0,0.0,0.12913318170772722
lithography,GA,0.7420313173786623,3.663780001211273,6.291463514649452,26.159542948907024,0.6741777405509,0.8314814814814815,9.1,0.5887740501977177,5951.2258632600015,0.009974409227646953,0.1469049345653256,0.20785618048381943,1.1688610384496525,0.023514413200055866,0.035406494814074,1.911950719959998,0.06365211168110618,1806.944210504114
lithography,TSFGA,0.7393743158894891,3.685254227108677,6.2887964237900125,26.96598936273612,0.6742063434820986,0.8648148148148149,7.3,0.5403767131642768,4009.9635693299933,0.011177664057853323,0.1648273547546872,0.20330546650573664,1.6925876515755471,0.019176102756188362,0.024768398330541813,1.3374935098492584,0.030479093043061158,1220.2142397794335
metalization,ALL,0.6967458436953604,8.20314256764307,14.522745116847634,34.81286137117995,0.7018308453414741,0.0,54.0,0.4991962815731018,0.9285058699955698,0.004663678302248158,0.11915445988676114,0.17682369863446545,0.5037024831910242,0.007054825128607851,0.0,0.0,0.0,0.0783061135210207
metalization,FILTER,0.6968348717549918,8.220054641337457,14.471538052308471,35.693900442616204,0.7081007115756935,0.20370370370370372,43.0,0.33132472991969464,1.2735978900105693,0.0027492159040839364,0.07491807122488885,0.1270864867035968,0.5349517834374552,0.005030206842903277,0.0,0.0,0.0,0.08550064343528105
metalization,GA,0.7233954455237797,7.4737544193671015,13.55430501891431,29.8878547095174,0.7363166631730982,0.8277777777777778,9.3,0.5689378331458392,4941.443624839996,0.012830564089700592,0.3275312322221201,0.47037193790558984,1.0719051662411585,0.023371785831185442,0.038101973733360404,2.057506581601462,0.04850275482542201,1234.0788724157233
metalization,TSFGA,0.7278201783381133,7.367226983402803,13.276649391285314,29.966718264387566,0.7509716070525296,0.8666666666666666,7.2,0.5437714799270502,4259.57285734,0.009692451528005687,0.2588915541790839,0.33997796971351846,1.441096122619251,0.013312924526946953,0.022764307301957755,1.2292725943057183,0.0410446289633288,1814.0340854718313
planarization,ALL,0.6895110615441242,6.2070337899802555,10.733966281879768,34.40247203744065,0.6072551263552425,0.0,54.0,0.4887022571931599,0.8558855600014794,0.0025838640150432665,0.05307724868599522,0.05679071732496099,0.3702209521272604,0.005070377092479581,0.0,0.0,0.0,0.10276819218558067
planarization,FILTER,0.6829461427407258,6.361375819328922,10.899207071575974,35.4538634336149,0.6024418597756516,0.20370370370370372,43.0,0.3536082192689834,1.5222578299930318,0.003025322085863044,0.0655018221265602,0.12304479624943196,0.47528734649520976,0.009600340636637485,0.0,0.0,0.0,0.09992462964434141
planarization,GA,0.7125109084017924,5.771533527747231,10.234295051200522,30.59929542450373,0.6531758274337577,0.8314814814814815,9.1,0.5511145043287746,5559.025544660003,0.012714597079666679,0.24387274296922765,0.27298961724897264,1.7715417012601598,0.019421188515642354,0.01621472288464652,0.875595035770913,0.05236213105735237,1115.7360581017272
planarization,TSFGA,0.7204993417021541,5.610162083780969,9.99351781244191,29.502976091071645,0.6663189094417645,0.8777777777777779,6.6,0.6225675837537015,4472.916908419994,0.013167601256548991,0.24847917981057493,0.23056416180711042,2.26664281209229,0.01764235246683657,0.0292152088054302,1.577621275493231,0.07215453403166731,1802.8090426908616
