process,seed,jaccard_random_vs_temporal
lithography,0,0.23076923076923078
lithography,1,0.3076923076923077
lithography,2,0.23076923076923078
lithography,3,0.4
lithography,4,0.21428571428571427
implantation,0,0.5
implantation,1,0.36363636363636365
implantation,2,0.2727272727272727
implantation,3,0.2727272727272727
implantation,4,0.3333333333333333
etching,0,0.08333333333333333
etching,1,0.07692307692307693
etching,2,0.09090909090909091
etching,3,0.2727272727272727
etching,4,0.1
metalization,0,0.09090909090909091
metalization,1,0.18181818181818182
metalization,2,0.125
metalization,3,0.07142857142857142
metalization,4,0.09090909090909091
deposition,0,0.4166666666666667
deposition,1,0.2727272727272727
deposition,2,0.3
deposition,3,0.21428571428571427
deposition,4,0.36363636363636365
planarization,0,0.3333333333333333
planarization,1,0.23076923076923078
planarization,2,0.375
planarization,3,0.3333333333333333
planarization,4,0.25
