split_mode,process,ALL,DDA,FILTER,MI,NSGA2,PFI-SBS,TSFGA,mRMR,gain_TSFGA_vs_ALL
random,deposition,0.6593518335831936,0.6994055475576928,0.6471958988648605,0.6951073705705582,0.6432679783649702,0.6994888876116835,0.6835743250436588,0.6880103384885802,0.02422249146046518
random,etching,0.7499638749324207,0.7863622610452705,0.7472097734341187,0.7783892929465465,0.7548194616001428,0.7845484800904943,0.7635552950705943,0.7606801855038594,0.013591420138173604
random,implantation,0.6710677789009127,0.7026243640145132,0.6694555794308934,0.6978031928251099,0.6891411942451976,0.7138091729711822,0.7050123685223703,0.7045505621169279,0.03394458962145752
random,lithography,0.7110062327673025,0.7579760639960746,0.7093893354928079,0.7551107383340905,0.7038408313380647,0.7605689356893188,0.7432184939802806,0.7578143612042404,0.032212261212978155
random,metalization,0.6975747463338493,0.7452305909958848,0.6969202486386893,0.733846026694637,0.7196925991466225,0.7424180063168906,0.7294692512437227,0.7339511465949162,0.031894504909873445
random,planarization,0.6893487664738083,0.7254128142445694,0.6837280040911338,0.7209161706237524,0.6869985259589548,0.7322352996234626,0.7183535946945531,0.7151132893656866,0.029004828220744794
temporal,deposition,0.6447944034924529,0.6848277917365956,0.6407882386169145,0.6840331603893955,0.6552615649156295,0.6883080242249754,0.6825360075199843,0.680068485396001,0.03774160402753146
temporal,etching,0.7437242651977207,0.7782303483996245,0.7447204693089123,0.7713125927160231,0.7512693863201887,0.7796546340560808,0.7626640736846003,0.7669370893956285,0.018939808486879595
temporal,implantation,0.6804377632037537,0.7303891778482166,0.6825013985258424,0.7118066004701733,0.7002194933567625,0.7265629993935858,0.7177392890774683,0.7132518158779091,0.0373015258737146
temporal,lithography,0.723815641241891,0.7563293647803232,0.7206210977133858,0.7500758393479925,0.7037231239480309,0.7529437271472238,0.7379834708402567,0.7475014984886884,0.014167829598365711
temporal,metalization,0.7098016416217309,0.7464341984287642,0.7038308652840708,0.7459513824131359,0.700617298097082,0.7488173360963951,0.7108996397789077,0.747322230586723,0.001097998157176816
temporal,planarization,0.6988610806441985,0.7421661684522429,0.697485894250536,0.7366341848691197,0.6913178377680117,0.7423540469973314,0.7230399304927302,0.729037935217529,0.02417884984853169
