split_mode,process,method,MRA_mean,MRA_std,MAE_mean,MAE_std,RMSE_mean,RMSE_std,MAPE_mean,MAPE_std,R2_mean,R2_std,PRF_mean,PRF_std,n_selected_mean,n_selected_std
random,deposition,ALL,0.6593518335831936,0.004572380003347559,7.304286345809308,0.10205696554715787,13.242575989188373,0.20989441169201412,41.251708510457576,0.6325522969446461,0.6583810366068351,0.012238292952045973,0.0,0.0,54.0,0.0
random,deposition,DDA,0.6994055475576928,0.004341252315083852,6.450118528612745,0.0766832109214893,12.11677630755187,0.243120465508163,32.949296526923135,0.6998585545771376,0.7106880313130816,0.013780431688803545,0.7925925925925925,0.033126932999996896,11.2,1.7888543819998317
random,deposition,FILTER,0.6471958988648605,0.0015931770151549937,7.559898577547831,0.02085489889043389,13.499291853261173,0.13514817530615963,43.32754911005767,0.7606804697464461,0.6441727362646986,0.010165949285880962,0.20370370370370372,0.0,43.0,0.0
random,deposition,MI,0.6951073705705582,0.004219410743168355,6.548921274561319,0.0868586670197911,12.28034215528913,0.2181642386552864,33.61157868702311,0.45019386162873387,0.704561077417024,0.012440425994055784,0.7074074074074075,0.00828173324999922,15.8,0.44721359549995815
random,deposition,NSGA2,0.6432679783649702,0.003613494154554368,7.65597153026216,0.07042834581380808,14.146932703020221,0.19097455240250957,38.02039763692517,0.2793757669578454,0.6046060115998981,0.013879405393878294,0.962962962962963,0.0,2.0,0.0
random,deposition,PFI-SBS,0.6994888876116835,0.003315838566659118,6.465629143829747,0.07840498390482467,12.090194543613062,0.18148532168766357,32.819175860183165,0.7428974167565011,0.7150376023955227,0.009020732978785874,0.7851851851851852,0.06625386599999379,11.6,3.5777087639996634
random,deposition,TSFGA,0.6835743250436588,0.007659970259175761,6.789707404957857,0.16680533126397587,12.600349147224964,0.20241950072487214,35.35215182357255,1.7368361027107324,0.6879040025680963,0.008421891906081445,0.8444444444444444,0.010143010324169742,8.4,0.5477225575051662
random,deposition,mRMR,0.6880103384885802,0.0033305817600335513,6.707756156183812,0.06439123190286153,12.45768328120456,0.18575889612871116,34.67841277883325,0.7081389006850006,0.6970405876275081,0.01171824833072415,0.7518518518518519,0.05171940756951459,13.4,2.7928480087537886
random,etching,ALL,0.7499638749324207,0.0011810962485501206,2.8692244363855597,0.011177359895483954,4.868028146108099,0.061219036678817014,26.5791603575799,0.25655432612735524,0.7385500749253106,0.005982677106925137,0.0,0.0,54.0,0.0
random,etching,DDA,0.7863622610452705,0.002874740894677249,2.453615777855993,0.03614427099186272,4.291441568000321,0.0899262141990335,21.181409557108047,0.36626040220152295,0.7953412405737066,0.008206964432421244,0.7962962962962964,0.03703703703703707,11.0,2.0
random,etching,FILTER,0.7472097734341187,0.0017113866128505883,2.8952336230830373,0.017138068905919082,4.841661367219032,0.06812085889574604,27.262851665539195,0.20224244783513862,0.7392146653231219,0.007353370264626318,0.20370370370370372,0.0,43.0,0.0
random,etching,MI,0.7783892929465465,0.001281531482728798,2.544195170807948,0.015392807541481444,4.4129298293898085,0.04054491317085493,21.787575073549217,0.1359781110510856,0.7852703324941428,0.004476932900819106,0.762962962962963,0.01549370419507549,12.8,0.8366600265340756
random,etching,NSGA2,0.7548194616001428,0.0012508069167690486,2.7963207414365288,0.013585161092622935,4.564375765190981,0.018703925574063016,25.2731171320843,0.19968762769331197,0.7607224789972322,0.0035297066327037046,0.962962962962963,0.0,2.0,0.0
random,etching,PFI-SBS,0.7845484800904943,0.002971710117816019,2.466247865528274,0.0298627688385547,4.306850266035601,0.047979759544163246,21.29523359554635,0.22722922052956232,0.7922480611263738,0.0030834260699781867,0.8222222222222222,0.07002840889329276,9.6,3.7815340802378077
random,etching,TSFGA,0.7635552950705943,0.005480673178301825,2.701139146137428,0.06554768055031637,4.511315948144502,0.059528300192969154,24.61618504388805,0.892241129330516,0.7693387378719827,0.005795077737670749,0.8777777777777777,0.010143010324169716,6.6,0.5477225575051661
random,etching,mRMR,0.7606801855038594,0.003509629050375505,2.729872755869285,0.0385493584681992,4.839558930113075,0.047492667953545425,22.636361206729816,0.6092460600497269,0.729388623342744,0.004421630539606328,0.9148148148148149,0.024845199749997687,4.6,1.3416407864998738
random,implantation,ALL,0.6710677789009127,0.0027915098149227154,8.717516341313296,0.08261823666439112,15.434151918929265,0.10490494980576259,36.01436055795057,0.35617805779853823,0.6846300038244397,0.003111344489811885,0.0,0.0,54.0,0.0
random,implantation,DDA,0.7026243640145132,0.0070419027420467895,7.934056341364885,0.17584717441001393,14.436907846599386,0.3825685935501358,30.309967826111176,0.7644410412524207,0.7287183457958513,0.013618332753153916,0.762962962962963,0.024145194093343172,12.8,1.3038404810405297
random,implantation,FILTER,0.6694555794308934,0.002852937226688315,8.768464719179288,0.07932612952452116,15.633285218717822,0.08221427448670043,36.1371690134454,0.5966931519733553,0.6793226776515982,0.003595838676934979,0.20370370370370372,0.0,43.0,0.0
random,implantation,MI,0.6978031928251099,0.0028757730245633395,8.05498920785604,0.07814044529168697,14.456531214667518,0.08690664301660064,31.422696489532665,0.3600635378609638,0.7281118559058731,0.0039123971922025835,0.725925925925926,0.07337634354132941,14.8,3.96232255123179
random,implantation,NSGA2,0.6891411942451976,0.0013133482255577643,8.299142405686336,0.04723475444040993,14.880274191931624,0.1286560743604695,31.429379823786142,0.19535658651741436,0.7165352406652459,0.0035609446267133387,0.962962962962963,0.0,2.0,0.0
random,implantation,PFI-SBS,0.7138091729711822,0.0024649668585074776,7.6453883470923305,0.058174453729068584,14.040673291116926,0.11186765319953279,28.580087436333407,0.34690896664669757,0.744632331965337,0.003836550468577454,0.8518518518518519,0.029280348705262728,8.0,1.5811388300841898
random,implantation,TSFGA,0.7050123685223703,0.0056622619687555185,7.861050930951615,0.16390922502963584,14.356917858145101,0.2726204761182337,29.905923340521458,0.7191723052502829,0.7322042483021991,0.009044095035236344,0.8555555555555555,0.020286020648339464,7.8,1.0954451150103324
random,implantation,mRMR,0.7045505621169279,0.004574552115987701,7.874015500283416,0.12887515026155258,14.363374941579178,0.1962283344603004,30.381026393210316,0.7452432484314345,0.7320422958237375,0.007536120423393107,0.7703703703703704,0.03364055948997216,12.4,1.8165902124584947
random,lithography,ALL,0.7110062327673025,0.003509677240399273,4.096267143010183,0.04943850950202816,6.863822635614386,0.08478050056525066,30.861045842619014,0.538138383436031,0.6182200581919837,0.010068862281268237,0.0,0.0,54.0,0.0
random,lithography,DDA,0.7579760639960746,0.00491909739315798,3.430135524154964,0.07011616591248684,5.920537107784613,0.0881373909243327,24.552851703269052,0.660267602062768,0.7113709453976,0.008646191698198955,0.7703703703703704,0.02111435972405811,12.4,1.140175425099138
random,lithography,FILTER,0.7093893354928079,0.004888218645902813,4.119783220517455,0.07170239794927333,6.886424498313234,0.10188194719349594,31.435697837695567,0.6234897227620946,0.6148309768228994,0.010467484352034215,0.18518518518518523,0.0,44.0,0.0
random,lithography,MI,0.7551107383340905,0.002958843894180108,3.475575567047296,0.04183379189155395,6.039902102787455,0.047249435205083394,24.939232171355087,0.29365578121581387,0.7008221617071695,0.005280091050051843,0.7444444444444445,0.008281733249999262,13.8,0.44721359549995787
random,lithography,NSGA2,0.7038408313380647,0.0017433861334870673,4.205672388199799,0.025776674514641364,6.9010354291173615,0.03465341795559178,31.481864944163874,0.1676091207458142,0.613569321174657,0.002556160012535217,0.962962962962963,0.0,2.0,0.0
random,lithography,PFI-SBS,0.7605689356893188,0.002104553707499766,3.3857128814908704,0.033315445632230094,5.937496916192956,0.07496091986838585,23.659269240726722,0.18873126843291163,0.7088083715541413,0.007235842440002047,0.8592592592592592,0.01014301032416972,7.6,0.547722557505166
random,lithography,TSFGA,0.7432184939802806,0.007995837324264343,3.626931975595867,0.11973893587885594,6.257223714174861,0.12292595167299793,26.27401037119169,1.2092005505892678,0.6766508301675482,0.010002629623886998,0.8481481481481481,0.015493704195075458,8.2,0.8366600265340756
random,lithography,mRMR,0.7578143612042404,0.0036886023837656204,3.442208719036178,0.05141935393295717,6.107493878084695,0.12027002376839498,23.616476756865744,0.447217788884907,0.6960918453014283,0.011426953309191875,0.9148148148148149,0.024845199749997667,4.6,1.3416407864998738
random,metalization,ALL,0.6975747463338493,0.00474943925949274,8.179380731317181,0.13252360991847742,14.49598650359479,0.184924382762574,34.7131348705736,0.6064176216205771,0.7023163135046189,0.0068788940517428895,0.0,0.0,54.0,0.0
random,metalization,DDA,0.7452305909958848,0.003900671289959243,6.887376442015213,0.08750870697036044,12.853085886263864,0.14860430152644116,26.935527066118304,0.5445208158824206,0.7647652033820569,0.008139447101855416,0.8407407407407408,0.038400817320977214,8.6,2.073644135332772
random,metalization,FILTER,0.6969202486386893,0.0027521608160712588,8.216373054433339,0.08326133708835998,14.460972112639178,0.11780764662797323,35.74114277878041,0.6505232844508078,0.7084314047318317,0.003797672928647525,0.20370370370370372,0.0,43.0,0.0
random,metalization,MI,0.733846026694637,0.00260695331421323,7.199165235319798,0.06797266784481613,13.23376592608535,0.14969303190449157,28.607751448453808,0.1865479376311427,0.7513226229286876,0.006304064101636219,0.762962962962963,0.01549370419507546,12.8,0.8366600265340753
random,metalization,NSGA2,0.7196925991466225,0.0019400809695213027,7.560705296667827,0.04989712438200434,13.476566491705025,0.1758113825387372,30.398219653950726,0.2245733385950732,0.7416713055680785,0.006251798799495165,0.962962962962963,0.0,2.0,0.0
random,metalization,PFI-SBS,0.7424180063168906,0.0017463009138918967,6.961431794684384,0.0496242998592899,12.934702820773975,0.03668160357500061,27.21608147734317,0.2675146786893623,0.7612349907475234,0.0023068436470220803,0.8333333333333334,0.013094570021973083,9.0,0.7071067811865476
random,metalization,TSFGA,0.7294692512437227,0.01317514745971116,7.318453806800768,0.3534753410312331,13.19854426579487,0.47053992256674276,29.850847438669604,1.9425403442603246,0.7533130842416799,0.01811249562647008,0.8814814814814815,0.02111435972405809,6.4,1.140175425099138
random,metalization,mRMR,0.7339511465949162,0.0025775221662061613,7.190597589666136,0.06956204527826797,13.176856405793057,0.12317427211983151,28.46432329937148,0.3832382342846489,0.752673753419918,0.005475467469212457,0.8111111111111111,0.008281733249999262,10.2,0.44721359549995787
random,planarization,ALL,0.6893487664738083,0.002730943547482691,6.207394690896091,0.05449685824916138,10.743210851983118,0.05616011979644637,34.41403539542432,0.3260588357409213,0.6057935998196268,0.004868532135529102,0.0,0.0,54.0,0.0
random,planarization,DDA,0.7254128142445694,0.003975425630219657,5.500798172782669,0.08404442485923713,9.970464845120539,0.1010698862904653,28.5360687931984,0.5955428343490792,0.6649757566284722,0.006910681568376648,0.7925925925925926,0.020286020648339526,11.2,1.0954451150103324
random,planarization,FILTER,0.6837280040911338,0.001782435133036455,6.340361131001112,0.04366225261863959,10.895516873379984,0.07573943104204986,35.38495950748776,0.3916410982981877,0.6023473013898448,0.003972940599920133,0.20370370370370372,0.0,43.0,0.0
random,planarization,MI,0.7209161706237524,0.004984044018000129,5.581254653382284,0.10208650036065522,10.012671713659568,0.1385782637309981,29.12774884929639,0.5563389843625476,0.6591033240052995,0.011131589221852277,0.7,0.008281733249999262,16.2,0.44721359549995787
random,planarization,NSGA2,0.6869985259589548,0.0019385645585314614,6.249268400426901,0.041104272645291165,10.5917326329569,0.04683710001393603,34.41853425204282,0.16089359797412192,0.6206663975663561,0.0038988023109397577,0.962962962962963,0.0,2.0,0.0
random,planarization,PFI-SBS,0.7322352996234626,0.005232987942684979,5.369301387277792,0.10459739279136002,9.693950219515859,0.12745003483936262,27.77697432697027,0.6749361880147795,0.6836590390937805,0.008384673499418254,0.7962962962962964,0.022680460581325723,11.0,1.224744871391589
random,planarization,TSFGA,0.7183535946945531,0.014612384188585188,5.646092612930735,0.2806061751183568,10.014611863168394,0.3029142818514962,29.83843799231257,2.4855376765889567,0.6637914947691474,0.02234979624653683,0.8851851851851851,0.024145194093343147,6.2,1.30384048104053
random,planarization,mRMR,0.7151132893656866,0.0029181163923516305,5.715702600592239,0.06479978480105844,10.261543197459584,0.12370942009003812,30.225512330018603,0.36523599951096286,0.6486798339463318,0.007455058919747473,0.7592592592592593,0.0,13.0,0.0
temporal,deposition,ALL,0.6447944034924529,0.002758505203981088,8.389923320185485,0.06425763901942617,14.875129063718882,0.17769871135636625,42.80112986995872,0.868995045028859,0.6429902063424481,0.008640861145100407,0.0,0.0,54.0,0.0
temporal,deposition,DDA,0.6848277917365956,0.005123735890007166,7.441992121098894,0.1262247392374163,13.723357829444959,0.18761682686217737,34.93224037650864,0.4699030274598801,0.6970793111961662,0.008537171834664375,0.8,0.0202860206483395,10.8,1.0954451150103321
temporal,deposition,FILTER,0.6407882386169145,0.0022046720077392922,8.494244834716214,0.055892924294663436,15.244826584291038,0.10761473436241857,43.29993386861818,0.4985324935553193,0.6241888186583029,0.006297992441432444,0.20370370370370372,0.0,43.0,0.0
temporal,deposition,MI,0.6840331603893955,0.00405487073543003,7.446790788016161,0.09756286019586777,13.736107039855359,0.18490642004687693,35.277516702608715,0.44529275486474473,0.6950211199795339,0.009172222472399317,0.7518518518518519,0.010143010324169793,13.4,0.547722557505166
temporal,deposition,NSGA2,0.6552615649156295,0.0018447321837263527,8.174559645493696,0.04665998899169117,14.677567204412984,0.12467105349610623,37.372183434557044,0.39337514297380705,0.6523925941170272,0.007536677288169881,0.962962962962963,0.0,2.0,0.0
temporal,deposition,PFI-SBS,0.6883080242249754,0.006652669884013837,7.372580652931475,0.14518066277786956,13.58605114189827,0.2486630629496254,34.9536418911051,0.8756075602970125,0.7015252251949844,0.011503471881164169,0.7962962962962963,0.08281733249999225,11.0,4.47213595499958
temporal,deposition,TSFGA,0.6825360075199843,0.007308852134928082,7.479029708376129,0.17933139951413632,13.847061705329457,0.3605712197263834,35.546810755781294,1.0920762826482098,0.6860338156760429,0.016810965445841448,0.874074074074074,0.024145194093343144,6.8,1.3038404810405297
temporal,deposition,mRMR,0.680068485396001,0.002171673527043272,7.548299484151192,0.06517352002829616,13.862800592945359,0.14622710830800617,36.38241842889512,0.09496908641888037,0.6893212334393366,0.005804070931521954,0.762962962962963,0.06728111897994427,12.8,3.6331804249169903
temporal,etching,ALL,0.7437242651977207,0.004734373209948323,2.984359401135232,0.05285710746975963,5.1370717699412625,0.08439491456883526,26.348159051318248,0.32285288341607427,0.7195425227089631,0.011483545243725581,0.0,0.0,54.0,0.0
temporal,etching,DDA,0.7782303483996245,0.0034306449261077166,2.588153894749827,0.04370278432760383,4.597629765342081,0.045119226372509764,21.652598569069546,0.4788726283883457,0.7752261590478475,0.003947749707150746,0.788888888888889,0.024845199749997705,11.4,1.3416407864998738
temporal,etching,FILTER,0.7447204693089123,0.004981970665778,2.974058715295152,0.05596208714897901,5.1412436818526475,0.0892430935538004,25.900042918016233,0.4144371581284625,0.7192826205498208,0.010931733195142287,0.20370370370370372,0.0,43.0,0.0
temporal,etching,MI,0.7713125927160231,0.0035301365892474275,2.667943028593972,0.03598335271812794,4.704028763915896,0.08342574464527502,22.721918033188107,0.2745330782629781,0.7637493886777562,0.009902769731457877,0.7407407407407407,0.0,14.0,0.0
temporal,etching,NSGA2,0.7512693863201887,0.0027718538071623026,2.909959356767846,0.03207506503081815,4.894489934124098,0.04221216663413178,24.865114130757863,0.278510562403025,0.7439649855993309,0.003977930178590115,0.962962962962963,0.0,2.0,0.0
temporal,etching,PFI-SBS,0.7796546340560808,0.002036748585611159,2.575246827037227,0.02352950404289386,4.569563984542188,0.055157681436832744,20.92660268147272,0.2239849219497207,0.7767464199069289,0.005974415740707804,0.874074074074074,0.030429030972509232,6.8,1.6431676725154982
temporal,etching,TSFGA,0.7626640736846003,0.009963767228327827,2.7765814068475505,0.11659671661876114,4.804598707987107,0.10890317667947481,23.23788535112712,1.4603997398290522,0.7560614747517427,0.010339973848696556,0.8851851851851851,0.015493704195075507,6.2,0.8366600265340756
temporal,etching,mRMR,0.7669370893956285,0.0033397988854045367,2.7163384375851862,0.03861111512532929,4.773605325704136,0.05402040800461726,22.791155326678386,0.42467899658652764,0.7592478639098053,0.005595377911068214,0.7481481481481481,0.010143010324169786,13.6,0.5477225575051662
temporal,implantation,ALL,0.6804377632037537,0.0027924092118966626,8.499983661100028,0.06547178823075328,15.06401718979205,0.0775252290823618,35.452757486634155,0.19353617680075866,0.6931152739045233,0.00469794992681523,0.0,0.0,54.0,0.0
temporal,implantation,DDA,0.7303891778482166,0.0029169062700104328,7.228114047200928,0.07964803151807914,13.446951145138243,0.19446572481095112,27.330690601090925,0.27308407267735096,0.7592921181142845,0.004964726115719874,0.8296296296296296,0.03312693299999687,9.2,1.7888543819998317
temporal,implantation,FILTER,0.6825013985258424,0.0030473678432543093,8.501283113982911,0.09476569035643392,15.23602197762628,0.18458097699954026,35.72212627354214,0.3753049004755068,0.6960315671855672,0.007005224771706047,0.20370370370370372,0.0,43.0,0.0
temporal,implantation,MI,0.7118066004701733,0.004714586801022837,7.647270715869382,0.1129393498883959,14.023911926692534,0.16937479880747863,29.18738103256404,0.3784074843680893,0.7297475060670852,0.007967076329199182,0.825925925925926,0.03364055948997212,9.4,1.8165902124584952
temporal,implantation,NSGA2,0.7002194933567625,0.003040344224793263,8.069310227089307,0.07938763091647104,14.815081828091078,0.10706175247726514,29.937579185115545,0.27006353087809415,0.7187283117143579,0.0052608054736106215,0.962962962962963,0.0,2.0,0.0
temporal,implantation,PFI-SBS,0.7265629993935858,0.0033364054230995695,7.311601766278647,0.09966088202033736,13.717888032985138,0.2236301033364131,27.333103759553758,0.22830893544850817,0.7488996078675746,0.007671637018852993,0.8925925925925926,0.015493704195075507,5.8,0.8366600265340757
temporal,implantation,TSFGA,0.7177392890774683,0.007522485589383927,7.547182712877904,0.1842990943929648,13.964601337922755,0.2275809850302206,29.13885679655339,0.9802758784730302,0.7404207075368736,0.007561747951759551,0.8703703703703705,0.013094570021973083,7.0,0.7071067811865476
temporal,implantation,mRMR,0.7132518158779091,0.0017008428101307526,7.611422599654415,0.03899675268257621,13.967015852799102,0.11052481607174224,29.025611439730056,0.35693147790250035,0.7306440964153526,0.007492586915180658,0.7777777777777778,0.013094570021973083,12.0,0.7071067811865476
temporal,lithography,ALL,0.723815641241891,0.002338556162468165,3.9946193767482705,0.03181886482266535,6.545184674278336,0.053484607483238904,28.944104957982432,0.3501077999041653,0.6300496758221312,0.0064302405793168795,0.0,0.0,54.0,0.0
temporal,lithography,DDA,0.7563293647803232,0.0029373459579125796,3.5223033014321175,0.04322703621187303,5.941344844228192,0.05492666862951542,24.31040843267455,0.23698848347654972,0.6891588541267375,0.00721323034325051,0.8185185185185185,0.02414519409334314,9.8,1.3038404810405295
temporal,lithography,FILTER,0.7206210977133858,0.0029661612059365566,4.0409153201286525,0.04222537388668251,6.646408782207374,0.07821833965916415,29.600718253884953,0.3360972712526495,0.6195993681384768,0.00956438986789131,0.18518518518518523,0.0,44.0,0.0
temporal,lithography,MI,0.7500758393479925,0.0009621241330773461,3.6146642579432084,0.01041800873232796,6.0576863219232155,0.055826294629488245,25.33627561626415,0.15907359433662835,0.6794120989967954,0.00637053204962773,0.7222222222222222,0.0,15.0,0.0
temporal,lithography,NSGA2,0.7037231239480309,0.0020516120995117265,4.2713298428722055,0.026252914229212786,6.843830343027458,0.05295195041328594,30.58043523039272,0.2021654115154735,0.5908489357175324,0.007655582333905844,0.962962962962963,0.0,2.0,0.0
temporal,lithography,PFI-SBS,0.7529437271472238,0.0015343576685586497,3.5663810433136627,0.02161216050395045,6.109014133545998,0.0650909942138975,23.872700516449257,0.15662587421393032,0.6728544521142237,0.007554476540261214,0.8703703703703705,0.0,7.0,0.0
temporal,lithography,TSFGA,0.7379834708402567,0.010155540621837794,3.784541826399522,0.14502457042126668,6.350042296688842,0.15490886621150093,26.625189684802717,1.5143255936674276,0.6487110672718913,0.017966048711470436,0.8555555555555555,0.03312693299999687,7.8,1.7888543819998317
temporal,lithography,mRMR,0.7475014984886884,0.002086999057498656,3.6429207913268558,0.029166351239169032,6.1517299336632885,0.03182196037800887,24.82578597170133,0.202064368228798,0.6665008884665029,0.004052766733404814,0.8703703703703705,0.0,7.0,0.0
temporal,metalization,ALL,0.7098016416217309,0.0005087042621151763,8.107410249377512,0.017491411347710324,14.288721449371213,0.12419632455034849,32.341030867459665,0.2889573225978392,0.7257414177486242,0.004898685164911098,0.0,0.0,54.0,0.0
temporal,metalization,DDA,0.7464341984287642,0.008985934386758385,7.064760579790365,0.23316106588197263,12.927913310676052,0.472655621014555,25.583766485942515,0.6886274284844203,0.773608563917306,0.018625033372364135,0.8444444444444444,0.030987408390150944,8.4,1.6733200530681511
temporal,metalization,FILTER,0.7038308652840708,0.0028499485809542822,8.21835136176674,0.0889918805835835,14.397337278298949,0.16636653805567464,33.80353161939659,0.46779182453716417,0.7176209061488241,0.0065963197354326885,0.18518518518518523,0.0,44.0,0.0
temporal,metalization,MI,0.7459513824131359,0.0030587585572465475,7.118556905044407,0.08506813492074583,12.93739073349382,0.11036886834592609,26.326359059455047,0.34856743478589003,0.7753242127393003,0.0039955781346415874,0.7333333333333333,0.024845199749997656,14.4,1.3416407864998738
temporal,metalization,NSGA2,0.700617298097082,0.0034511794629987513,8.320485057848522,0.09577759897855925,14.602490175361812,0.18930990924326305,31.377262283666607,0.2678674094802989,0.7134245561182139,0.007093283821703742,0.962962962962963,0.0,2.0,0.0
temporal,metalization,PFI-SBS,0.7488173360963951,0.0022380865270806363,7.028010610144706,0.06674526680461686,12.82164061361901,0.1786353048793802,25.72868922962934,0.43367151483524047,0.7792304153990084,0.0055480377749833245,0.8333333333333334,0.02268046058132571,9.0,1.2247448713915892
temporal,metalization,TSFGA,0.7108996397789077,0.009969592963041458,8.024186268325833,0.26740690740696854,14.093659225981785,0.43012148014178464,31.241643892886753,1.0732646681942928,0.7302103493285003,0.01599663244526941,0.8925925925925926,0.03562108159568767,5.8,1.9235384061671346
temporal,metalization,mRMR,0.747322230586723,0.0021500681714617447,7.072501683325003,0.0768492878143825,12.85208620872674,0.13941813249539237,26.2558166567684,0.38434918781159094,0.7774585246725018,0.003992197235822452,0.7703703703703704,0.024845199749997656,12.4,1.3416407864998738
temporal,planarization,ALL,0.6988610806441985,0.0033596025465934026,6.363017700982351,0.07017357477348671,10.770321945307998,0.07798302242255666,32.699295095886235,0.41944829777220133,0.6320880529191579,0.005157023810237668,0.0,0.0,54.0,0.0
temporal,planarization,DDA,0.7421661684522429,0.0059546342410929055,5.450863859838524,0.12086595417606136,9.651433733125945,0.13389330659708792,25.833299327220754,0.7766769971539378,0.7058664989534627,0.010723667547869159,0.825925925925926,0.03840081732097723,9.4,2.073644135332772
temporal,planarization,FILTER,0.697485894250536,0.00488628071836065,6.389563773281843,0.09590874141140482,10.729334259393937,0.10475738190301354,33.346347908920265,0.6817178012443507,0.6361265328375044,0.007199968435401035,0.20370370370370372,0.0,43.0,0.0
temporal,planarization,MI,0.7366341848691197,0.003983627988510086,5.573428786156349,0.08770753526852547,9.703161265933524,0.16179541483183368,27.21206516562004,0.3330758211496519,0.6992870993393192,0.009636226837807533,0.6814814814814815,0.008281733249999156,17.2,0.44721359549995815
temporal,planarization,NSGA2,0.6913178377680117,0.001903200167401407,6.540164876774353,0.04416166924312499,10.704299802036287,0.08888738431157633,33.32658971141118,0.3261938583296951,0.6398621129940889,0.005826385825612552,0.962962962962963,0.0,2.0,0.0
temporal,planarization,PFI-SBS,0.7423540469973314,0.006402589668806308,5.458169313751284,0.13547955041397805,9.627200809490862,0.21514382149974656,26.02778119878829,0.626164975326908,0.7082464903499817,0.014066084598368705,0.8518518518518519,0.05237828008789235,8.0,2.8284271247461903
temporal,planarization,TSFGA,0.7230399304927302,0.008475225800636104,5.868979049094596,0.18512438194946965,10.085604622814094,0.14051422103308914,29.16226678181822,1.466934861634265,0.6784521128087101,0.009738642148034207,0.8555555555555555,0.024145194093343134,7.8,1.30384048104053
temporal,planarization,mRMR,0.729037935217529,0.003867906046220917,5.728831850945845,0.08566014712736464,9.982890589431266,0.09679653277515717,27.814103827688786,0.5139382637872658,0.6869578309919662,0.005593737059637488,0.7518518518518519,0.03840081732097727,13.4,2.0736441353327724
