a,b,rank_diff,significant
BGWO,PFI-SBS,0.3444444444444441,False
BGWO,RFE,0.8666666666666667,False
BGWO,DDA,0.8777777777777778,False
BGWO,BPSO,2.411111111111111,True
BGWO,MI,2.8777777777777778,True
BGWO,mRMR,3.8777777777777778,True
BGWO,Boruta,4.622222222222222,True
BGWO,TSFGA,5.011111111111111,True
BGWO,GA,6.233333333333334,True
BGWO,NSGA2,7.7666666666666675,True
BGWO,LASSO,8.466666666666667,True
BGWO,ALL,9.022222222222222,True
BGWO,FILTER,9.377777777777778,True
PFI-SBS,RFE,0.5222222222222226,False
PFI-SBS,DDA,0.5333333333333337,False
PFI-SBS,BPSO,2.066666666666667,False
PFI-SBS,MI,2.5333333333333337,True
PFI-SBS,mRMR,3.5333333333333337,True
PFI-SBS,Boruta,4.277777777777779,True
PFI-SBS,TSFGA,4.666666666666666,True
PFI-SBS,GA,5.888888888888889,True
PFI-SBS,NSGA2,7.4222222222222225,True
PFI-SBS,LASSO,8.122222222222222,True
PFI-SBS,ALL,8.677777777777777,True
PFI-SBS,FILTER,9.033333333333333,True
RFE,DDA,0.011111111111111072,False
RFE,BPSO,1.5444444444444443,False
RFE,MI,2.011111111111111,False
RFE,mRMR,3.011111111111111,True
RFE,Boruta,3.7555555555555555,True
RFE,TSFGA,4.144444444444444,True
RFE,GA,5.366666666666667,True
RFE,NSGA2,6.9,True
RFE,LASSO,7.6,True
RFE,ALL,8.155555555555555,True
RFE,FILTER,8.511111111111111,True
DDA,BPSO,1.5333333333333332,False
DDA,MI,2.0,False
DDA,mRMR,3.0,True
DDA,Boruta,3.7444444444444445,True
DDA,TSFGA,4.133333333333333,True
DDA,GA,5.355555555555556,True
DDA,NSGA2,6.888888888888889,True
DDA,LASSO,7.588888888888889,True
DDA,ALL,8.144444444444444,True
DDA,FILTER,8.5,True
BPSO,MI,0.4666666666666668,False
BPSO,mRMR,1.4666666666666668,False
BPSO,Boruta,2.2111111111111112,True
BPSO,TSFGA,2.5999999999999996,True
BPSO,GA,3.822222222222223,True
BPSO,NSGA2,5.355555555555556,True
BPSO,LASSO,6.055555555555555,True
BPSO,ALL,6.611111111111111,True
BPSO,FILTER,6.966666666666667,True
MI,mRMR,1.0,False
MI,Boruta,1.7444444444444445,False
MI,TSFGA,2.133333333333333,True
MI,GA,3.355555555555556,True
MI,NSGA2,4.888888888888889,True
MI,LASSO,5.588888888888889,True
MI,ALL,6.144444444444444,True
MI,FILTER,6.5,True
mRMR,Boruta,0.7444444444444445,False
mRMR,TSFGA,1.1333333333333329,False
mRMR,GA,2.355555555555556,True
mRMR,NSGA2,3.8888888888888893,True
mRMR,LASSO,4.588888888888889,True
mRMR,ALL,5.144444444444444,True
mRMR,FILTER,5.5,True
Boruta,TSFGA,0.3888888888888884,False
Boruta,GA,1.6111111111111116,False
Boruta,NSGA2,3.144444444444445,True
Boruta,LASSO,3.844444444444444,True
Boruta,ALL,4.3999999999999995,True
Boruta,FILTER,4.7555555555555555,True
TSFGA,GA,1.2222222222222232,False
TSFGA,NSGA2,2.7555555555555564,True
TSFGA,LASSO,3.4555555555555557,True
TSFGA,ALL,4.011111111111111,True
TSFGA,FILTER,4.366666666666667,True
GA,NSGA2,1.5333333333333332,False
GA,LASSO,2.2333333333333325,True
GA,ALL,2.788888888888888,True
GA,FILTER,3.144444444444444,True
NSGA2,LASSO,0.6999999999999993,False
NSGA2,ALL,1.2555555555555546,False
NSGA2,FILTER,1.6111111111111107,False
LASSO,ALL,0.5555555555555554,False
LASSO,FILTER,0.9111111111111114,False
ALL,FILTER,0.35555555555555607,False
