reference,method,n,mean_diff,median_diff,W,p_value,wins,ties,losses,significant,better,metric,process
TSFGA,ALL,90,0.026472014596093225,0.024718297111126497,78.0,2.287805035607227e-15,83,0,7,True,reference,MRA,ALL_PROCESSES
TSFGA,BGWO,90,-0.018881423398797833,-0.01889654824730891,37.0,5.984806580398798e-16,1,0,89,True,BGWO,MRA,ALL_PROCESSES
TSFGA,BPSO,90,-0.01008129571627536,-0.009946692223352982,136.0,1.456689770503057e-14,6,0,84,True,BPSO,MRA,ALL_PROCESSES
TSFGA,Boruta,90,-0.0007098615286511136,0.0009681044546729911,1976.0,0.7735811760677345,46,0,44,False,Boruta,MRA,ALL_PROCESSES
TSFGA,DDA,90,-0.01441259295411136,-0.013409588514878501,455.0,1.4770760585047684e-10,14,0,76,True,DDA,MRA,ALL_PROCESSES
TSFGA,FILTER,90,0.030334753643008,0.028967665994352354,16.0,2.9802376999144246e-16,86,0,4,True,reference,MRA,ALL_PROCESSES
TSFGA,GA,90,0.00528618373601855,0.006346593555673741,1169.0,0.0004080675400651453,65,0,25,True,reference,MRA,ALL_PROCESSES
TSFGA,LASSO,90,0.02413143397629197,0.022598659483511307,230.0,2.611372946214494e-13,79,0,11,True,reference,MRA,ALL_PROCESSES
TSFGA,MI,90,-0.007852062674748791,-0.007286301160646047,990.0,2.0900147397980977e-05,27,0,63,True,MI,MRA,ALL_PROCESSES
TSFGA,NSGA2,90,0.02295004395388006,0.02026435671080301,323.0,3.9530091700145415e-12,75,0,15,True,reference,MRA,ALL_PROCESSES
TSFGA,PFI-SBS,90,-0.01628214974278936,-0.016463151701934964,144.0,1.872528079521568e-14,6,0,84,True,PFI-SBS,MRA,ALL_PROCESSES
TSFGA,RFE,90,-0.014488615351813502,-0.014558988713251952,239.0,3.4172719425139696e-13,11,0,79,True,RFE,MRA,ALL_PROCESSES
TSFGA,mRMR,90,-0.004532078102998979,-0.003471311529410326,1395.0,0.008653275520114362,32,0,58,True,mRMR,MRA,ALL_PROCESSES
TSFGA,ALL,15,0.019021422197242135,0.014137689618453742,7.0,0.00115966796875,14,0,1,True,reference,MRA,deposition
TSFGA,BGWO,15,-0.023090070839737374,-0.023212283218080998,0.0,6.103515625e-05,0,0,15,True,BGWO,MRA,deposition
TSFGA,BPSO,15,-0.01662160248683434,-0.015455847833136693,0.0,6.103515625e-05,0,0,15,True,BPSO,MRA,deposition
TSFGA,Boruta,15,-0.0036997166621154597,-0.0004650769549134903,42.0,0.33026123046875,7,0,8,False,Boruta,MRA,deposition
TSFGA,DDA,15,-0.023724557998070064,-0.023804705397238557,0.0,6.103515625e-05,0,0,15,True,DDA,MRA,deposition
TSFGA,FILTER,15,0.02953110533446466,0.03436297997067872,1.0,0.0001220703125,14,0,1,True,reference,MRA,deposition
TSFGA,GA,15,0.002800527419982838,0.004601475724511972,47.0,0.48870849609375,9,0,6,False,reference,MRA,deposition
TSFGA,LASSO,15,0.0196196568217495,0.025092583524702117,25.0,0.04791259765625,10,0,5,True,reference,MRA,deposition
TSFGA,MI,15,-0.018339116046707703,-0.020785958228746626,2.0,0.00018310546875,1,0,14,True,MI,MRA,deposition
TSFGA,NSGA2,15,0.035634877241221365,0.029928615808956338,6.0,0.0008544921875,13,0,2,True,reference,MRA,deposition
TSFGA,PFI-SBS,15,-0.0223797519142705,-0.024811449933078378,0.0,6.103515625e-05,0,0,15,True,PFI-SBS,MRA,deposition
TSFGA,RFE,15,-0.020278420082488213,-0.02078167880254822,1.0,0.0001220703125,1,0,14,True,RFE,MRA,deposition
TSFGA,mRMR,15,-0.010940927891632405,-0.01109367917947246,2.0,0.00018310546875,1,0,14,True,mRMR,MRA,deposition
TSFGA,ALL,15,0.01606088139353303,0.012775070230670593,10.0,0.00262451171875,12,0,3,True,reference,MRA,etching
TSFGA,BGWO,15,-0.022945191746207128,-0.023378211249761804,0.0,6.103515625e-05,0,0,15,True,BGWO,MRA,etching
TSFGA,BPSO,15,-0.011683240612680756,-0.011077599535704308,0.0,6.103515625e-05,0,0,15,True,BPSO,MRA,etching
TSFGA,Boruta,15,-0.004967694717398841,-0.00017482306461957808,48.0,0.52447509765625,7,0,8,False,Boruta,MRA,etching
TSFGA,DDA,15,-0.020908987910255267,-0.018813112204098537,2.0,0.00018310546875,1,0,14,True,DDA,MRA,etching
TSFGA,FILTER,15,0.01847635703334536,0.01717943724255777,2.0,0.00018310546875,14,0,1,True,reference,MRA,etching
TSFGA,GA,15,0.010702976259145765,0.009010180532039391,12.0,0.0042724609375,12,0,3,True,reference,MRA,etching
TSFGA,LASSO,15,0.01619864376347362,0.01483014324973686,6.0,0.0008544921875,12,0,3,True,reference,MRA,etching
TSFGA,MI,15,-0.012482139359711594,-0.01378996122381626,14.0,0.0067138671875,2,0,13,True,MI,MRA,etching
TSFGA,NSGA2,15,0.01168931753539463,0.01064905479903222,10.0,0.00262451171875,12,0,3,True,reference,MRA,etching
TSFGA,PFI-SBS,15,-0.01834466101503345,-0.017974155685767657,0.0,6.103515625e-05,0,0,15,True,PFI-SBS,MRA,etching
TSFGA,RFE,15,-0.015124609165941582,-0.016979406552242948,5.0,0.0006103515625,1,0,14,True,RFE,MRA,etching
TSFGA,mRMR,15,0.0045669909274565525,0.00010185911787130575,46.0,0.45428466796875,8,0,7,False,reference,MRA,etching
TSFGA,ALL,15,0.03127405241959337,0.03421512457180986,2.0,0.00018310546875,14,0,1,True,reference,MRA,implantation
TSFGA,BGWO,15,-0.015105548874423265,-0.015138049883552385,8.0,0.00152587890625,1,0,14,True,BGWO,MRA,implantation
TSFGA,BPSO,15,-0.004865087145026026,-0.005909015873659107,25.0,0.04791259765625,3,0,12,True,BPSO,MRA,implantation
TSFGA,Boruta,15,0.010064028274205087,0.006987666931938086,21.0,0.02557373046875,11,0,4,True,reference,MRA,implantation
TSFGA,DDA,15,-0.0011896414950110254,-0.0010639883139107464,52.0,0.67877197265625,6,0,9,False,DDA,MRA,implantation
TSFGA,FILTER,15,0.033961158173015156,0.03295270402459005,1.0,0.0001220703125,14,0,1,True,reference,MRA,implantation
TSFGA,GA,15,0.008457434111460686,0.009890324970924569,21.0,0.02557373046875,13,0,2,True,reference,MRA,implantation
TSFGA,LASSO,15,0.025023626327719796,0.02505642494160687,2.0,0.00018310546875,14,0,1,True,reference,MRA,implantation
TSFGA,MI,15,0.003778529944619054,0.004958246874264938,35.0,0.1688232421875,9,0,6,False,reference,MRA,implantation
TSFGA,NSGA2,15,0.012756589481902643,0.01560707333341771,25.0,0.04791259765625,12,0,3,True,reference,MRA,implantation
TSFGA,PFI-SBS,15,-0.010943381791117927,-0.008149526506728955,17.0,0.012451171875,3,0,12,True,PFI-SBS,MRA,implantation
TSFGA,RFE,15,-0.008121567923185694,-0.0052861455504191746,22.0,0.0301513671875,4,0,11,True,RFE,MRA,implantation
TSFGA,mRMR,15,-0.00434856763302085,-0.0025294868796980063,40.0,0.27685546875,5,0,10,False,mRMR,MRA,implantation
TSFGA,ALL,15,0.03041311676540785,0.033711458652576076,2.0,0.00018310546875,14,0,1,True,reference,MRA,lithography
TSFGA,BGWO,15,-0.020778483339120076,-0.02124678696323723,0.0,6.103515625e-05,0,0,15,True,BGWO,MRA,lithography
TSFGA,BPSO,15,-0.008780962828971724,-0.008097171832245453,0.0,6.103515625e-05,0,0,15,True,BPSO,MRA,lithography
TSFGA,Boruta,15,-0.0068724212628139625,-0.0030442767041091168,41.0,0.30279541015625,5,0,10,False,Boruta,MRA,lithography
TSFGA,DDA,15,-0.017229473361014245,-0.014342849201711916,7.0,0.00115966796875,2,0,13,True,DDA,MRA,lithography
TSFGA,FILTER,15,0.03150139577267304,0.034597937251630406,1.0,0.0001220703125,14,0,1,True,reference,MRA,lithography
TSFGA,GA,15,-0.0026570014891734123,0.003933974368628079,53.0,0.7197265625,10,0,5,False,GA,MRA,lithography
TSFGA,LASSO,15,0.023373411520878032,0.02204287357196899,3.0,0.00030517578125,14,0,1,True,reference,MRA,lithography
TSFGA,MI,15,-0.013378616181725903,-0.012281805959032277,16.0,0.01025390625,4,0,11,True,MI,MRA,lithography
TSFGA,NSGA2,15,0.03701494326973495,0.030402978160553817,0.0,6.103515625e-05,15,0,0,True,reference,MRA,lithography
TSFGA,PFI-SBS,15,-0.020037554006995955,-0.01978399016211274,0.0,6.103515625e-05,0,0,15,True,PFI-SBS,MRA,lithography
TSFGA,RFE,15,-0.020130837321106085,-0.019198102471136402,0.0,6.103515625e-05,0,0,15,True,RFE,MRA,lithography
TSFGA,mRMR,15,-0.017160341273657096,-0.00625939960029509,14.0,0.0067138671875,3,0,12,True,mRMR,MRA,lithography
TSFGA,ALL,15,0.031074334642752968,0.02672907310985939,1.0,0.0001220703125,14,0,1,True,reference,MRA,metalization
TSFGA,BGWO,15,-0.013930882334789807,-0.010913973814949185,0.0,6.103515625e-05,0,0,15,True,BGWO,MRA,metalization
TSFGA,BPSO,15,-0.00970300189289958,-0.009911566753218803,5.0,0.0006103515625,2,0,13,True,BPSO,MRA,metalization
TSFGA,Boruta,15,-0.003917885673148147,-0.010640246516049445,42.0,0.33026123046875,7,0,8,False,Boruta,MRA,metalization
TSFGA,DDA,15,-0.016521019303108356,-0.011374910118539083,18.0,0.01507568359375,3,0,12,True,DDA,MRA,metalization
TSFGA,FILTER,15,0.030985306583121524,0.02375823319661441,0.0,6.103515625e-05,15,0,0,True,reference,MRA,metalization
TSFGA,GA,15,0.004424732814333739,0.002992255674113875,42.0,0.33026123046875,10,0,5,False,reference,MRA,metalization
TSFGA,LASSO,15,0.030058927217316223,0.023579905200335483,0.0,6.103515625e-05,15,0,0,True,reference,MRA,metalization
TSFGA,MI,15,-0.004764227443191523,-0.009294488315429006,38.0,0.22930908203125,7,0,8,False,MI,MRA,metalization
TSFGA,NSGA2,15,0.008391272872254104,0.00207140307157061,35.0,0.1688232421875,8,0,7,False,reference,MRA,metalization
TSFGA,PFI-SBS,15,-0.012684007882807428,-0.012494461006256063,18.0,0.01507568359375,3,0,12,True,PFI-SBS,MRA,metalization
TSFGA,RFE,15,-0.011635239498633144,-0.014671715110960881,21.0,0.02557373046875,4,0,11,True,RFE,MRA,metalization
TSFGA,mRMR,15,-0.004834933371495742,-0.005718290342779042,30.0,0.0946044921875,4,0,11,False,mRMR,MRA,metalization
TSFGA,ALL,15,0.030988280158029954,0.023140052035604985,0.0,6.103515625e-05,15,0,0,True,reference,MRA,planarization
TSFGA,BGWO,15,-0.017438363258509344,-0.01440569428371763,0.0,6.103515625e-05,0,0,15,True,BGWO,MRA,planarization
TSFGA,BPSO,15,-0.008833879331239736,-0.00706289790836101,1.0,0.0001220703125,1,0,14,True,BPSO,MRA,planarization
TSFGA,Boruta,15,0.005134520869364641,0.0033826774606393606,41.0,0.30279541015625,9,0,6,False,reference,MRA,planarization
TSFGA,DDA,15,-0.006901877657209206,-0.006541313620644029,22.0,0.0301513671875,2,0,13,True,DDA,MRA,planarization
TSFGA,FILTER,15,0.037553198961428245,0.03231711355708944,0.0,6.103515625e-05,15,0,0,True,reference,MRA,planarization
TSFGA,GA,15,0.007988433300361681,0.006500926006635432,28.0,0.072998046875,11,0,4,False,reference,MRA,planarization
TSFGA,LASSO,15,0.03051433820661465,0.02621635492210761,6.0,0.0008544921875,14,0,1,True,reference,MRA,planarization
TSFGA,MI,15,-0.0019268069617750813,-0.0048504553344448365,32.0,0.12054443359375,4,0,11,False,MI,MRA,planarization
TSFGA,NSGA2,15,0.032213263322772696,0.029213030681087382,0.0,6.103515625e-05,15,0,0,True,reference,MRA,planarization
TSFGA,PFI-SBS,15,-0.013303541846510888,-0.012367001377669329,0.0,6.103515625e-05,0,0,15,True,PFI-SBS,MRA,planarization
TSFGA,RFE,15,-0.011641018119526284,-0.010047606018839805,3.0,0.00030517578125,1,0,14,True,RFE,MRA,planarization
TSFGA,mRMR,15,0.005525310624355661,0.005028643501597152,22.0,0.0301513671875,11,0,4,True,reference,MRA,planarization
TSFGA,ALL,90,-0.5414611709773556,-0.5091669421739191,82.0,2.6038250150130675e-15,83,0,7,True,reference,MAE,ALL_PROCESSES
TSFGA,BGWO,90,0.3559671769181628,0.31883530410204575,72.0,1.8833106896539347e-15,1,0,89,True,BGWO,MAE,ALL_PROCESSES
TSFGA,BPSO,90,0.192503325077036,0.171858490114414,191.0,8.020808981680365e-14,6,0,84,True,BPSO,MAE,ALL_PROCESSES
TSFGA,Boruta,90,0.0012254119396442424,-0.01538451981453004,2032.0,0.9502704336788033,46,0,44,False,Boruta,MAE,ALL_PROCESSES
TSFGA,DDA,90,0.2662256627940939,0.2400250686547365,563.0,2.326929083577495e-09,14,0,76,True,DDA,MAE,ALL_PROCESSES
TSFGA,FILTER,90,-0.6275760995935259,-0.5824689476246503,15.0,2.8824091085202254e-16,86,0,4,True,reference,MAE,ALL_PROCESSES
TSFGA,GA,90,-0.1133960918487895,-0.09377028240576646,1199.0,0.0006399309877272422,65,0,25,True,reference,MAE,ALL_PROCESSES
TSFGA,LASSO,90,-0.5013300067501633,-0.4326854247435885,241.0,3.627115882030088e-13,79,0,11,True,reference,MAE,ALL_PROCESSES
TSFGA,MI,90,0.130746614701088,0.12893029755605556,1113.0,0.00016982021509235308,27,0,63,True,MI,MAE,ALL_PROCESSES
TSFGA,NSGA2,90,-0.4360729023906386,-0.3744854633080097,393.0,2.7910640365555665e-11,75,0,15,True,reference,MAE,ALL_PROCESSES
TSFGA,PFI-SBS,90,0.30869250687791594,0.2619082189658777,188.0,7.317248622366058e-14,6,0,84,True,PFI-SBS,MAE,ALL_PROCESSES
TSFGA,RFE,90,0.2708447361873135,0.25187028410889956,280.0,1.1448113195208875e-12,11,0,79,True,RFE,MAE,ALL_PROCESSES
TSFGA,mRMR,90,0.09153030006328583,0.06598339717176804,1323.0,0.0035550335678488443,32,0,58,True,mRMR,MAE,ALL_PROCESSES
TSFGA,ALL,15,-0.39769266147480753,-0.3078722397945963,7.0,0.00115966796875,14,0,1,True,reference,MAE,deposition
TSFGA,BGWO,15,0.4849438032053604,0.4951554672401537,0.0,6.103515625e-05,0,0,15,True,BGWO,MAE,deposition
TSFGA,BPSO,15,0.3499412842320896,0.3428315666735582,0.0,6.103515625e-05,0,0,15,True,BPSO,MAE,deposition
TSFGA,Boruta,15,0.07578901279445965,0.007527739184900462,45.0,0.42120361328125,7,0,8,False,Boruta,MAE,deposition
TSFGA,DDA,15,0.5072718442746462,0.4395960518491271,0.0,6.103515625e-05,0,0,15,True,DDA,MAE,deposition
TSFGA,FILTER,15,-0.6216032691120339,-0.7492931195122248,1.0,0.0001220703125,14,0,1,True,reference,MAE,deposition
TSFGA,GA,15,-0.09012743060692338,-0.09602309754699423,50.0,0.5994873046875,9,0,6,False,reference,MAE,deposition
TSFGA,LASSO,15,-0.4396135293991857,-0.5121496459945645,23.0,0.03533935546875,10,0,5,True,reference,MAE,deposition
TSFGA,MI,15,0.3833213401944885,0.3944041833501828,2.0,0.00018310546875,1,0,14,True,MI,MAE,deposition
TSFGA,NSGA2,15,-0.7653070517493511,-0.7849691724488981,6.0,0.0008544921875,13,0,2,True,reference,MAE,deposition
TSFGA,PFI-SBS,15,0.4667664414242126,0.5098051617588695,0.0,6.103515625e-05,0,0,15,True,PFI-SBS,MAE,deposition
TSFGA,RFE,15,0.4195784762383549,0.46752561259159897,1.0,0.0001220703125,1,0,14,True,RFE,MAE,deposition
TSFGA,mRMR,15,0.22234989158041327,0.23103600358708043,2.0,0.00018310546875,1,0,14,True,mRMR,MAE,deposition
TSFGA,ALL,15,-0.1939781240502179,-0.1675012479947524,10.0,0.00262451171875,12,0,3,True,reference,MAE,etching
TSFGA,BGWO,15,0.2577383972913279,0.25326102598282496,0.0,6.103515625e-05,0,0,15,True,BGWO,MAE,etching
TSFGA,BPSO,15,0.13011114619670153,0.10975611595959545,0.0,6.103515625e-05,0,0,15,True,BPSO,MAE,etching
TSFGA,Boruta,15,0.04391036488881652,0.0022922051286831113,47.0,0.48870849609375,7,0,8,False,Boruta,MAE,etching
TSFGA,DDA,15,0.22680852196521925,0.24698829543308687,2.0,0.00018310546875,1,0,14,True,DDA,MAE,etching
TSFGA,FILTER,15,-0.2167581364746339,-0.1587537101395884,3.0,0.00030517578125,14,0,1,True,reference,MAE,etching
TSFGA,GA,15,-0.12258474991188979,-0.1055685190546618,9.0,0.00201416015625,12,0,3,True,reference,MAE,etching
TSFGA,LASSO,15,-0.19378772728140536,-0.1932179191139931,8.0,0.00152587890625,12,0,3,True,reference,MAE,etching
TSFGA,MI,15,0.13142463635516463,0.14095057874200556,12.0,0.0042724609375,2,0,13,True,MI,MAE,etching
TSFGA,NSGA2,15,-0.12766935668431387,-0.11619150762432495,10.0,0.00262451171875,12,0,3,True,reference,MAE,etching
TSFGA,PFI-SBS,15,0.20457704209839986,0.2015542710111562,0.0,6.103515625e-05,0,0,15,True,PFI-SBS,MAE,etching
TSFGA,RFE,15,0.16067236687441058,0.1569052436397329,5.0,0.0006103515625,1,0,14,True,RFE,MAE,etching
TSFGA,mRMR,15,-0.045534602277886575,-0.001335533116845422,49.0,0.5614013671875,8,0,7,False,reference,MAE,etching
TSFGA,ALL,15,-0.7866470196977727,-0.9355514851569096,2.0,0.00018310546875,14,0,1,True,reference,MAE,implantation
TSFGA,BGWO,15,0.3790888438911697,0.4482430953503522,11.0,0.00335693359375,1,0,14,True,BGWO,MAE,implantation
TSFGA,BPSO,15,0.12419918834334484,0.15281176599748392,24.0,0.041259765625,3,0,12,True,BPSO,MAE,implantation
TSFGA,Boruta,15,-0.2528906176740723,-0.17415834016166265,21.0,0.02557373046875,11,0,4,True,reference,MAE,implantation
TSFGA,DDA,15,0.03066166446561507,0.0355807302411737,55.0,0.803955078125,6,0,9,False,DDA,MAE,implantation
TSFGA,FILTER,15,-0.8661498741210362,-0.9713859588912062,1.0,0.0001220703125,14,0,1,True,reference,MAE,implantation
TSFGA,GA,15,-0.22123971654076702,-0.3153821246178996,19.0,0.01806640625,13,0,2,True,reference,MAE,implantation
TSFGA,LASSO,15,-0.6208341756150371,-0.6689598859548074,2.0,0.00018310546875,14,0,1,True,reference,MAE,implantation
TSFGA,MI,15,-0.09388896256552623,-0.12357773404838213,36.0,0.1876220703125,9,0,6,False,reference,MAE,implantation
TSFGA,NSGA2,15,-0.35572532376705623,-0.38952317220080523,26.0,0.05535888671875,12,0,3,False,reference,MAE,implantation
TSFGA,PFI-SBS,15,0.2779289512769748,0.229983889679664,17.0,0.012451171875,3,0,12,True,PFI-SBS,MAE,implantation
TSFGA,RFE,15,0.20497841333145234,0.18290946963436205,22.0,0.0301513671875,4,0,11,True,RFE,MAE,implantation
TSFGA,mRMR,15,0.11701181744576108,0.0845883259603859,37.0,0.207763671875,5,0,10,False,mRMR,MAE,implantation
TSFGA,ALL,15,-0.4376619302017795,-0.5110942121218103,2.0,0.00018310546875,14,0,1,True,reference,MAE,lithography
TSFGA,BGWO,15,0.2960597585056842,0.30261927385218446,0.0,6.103515625e-05,0,0,15,True,BGWO,MAE,lithography
TSFGA,BPSO,15,0.12589713085229523,0.11314357895053728,0.0,6.103515625e-05,0,0,15,True,BPSO,MAE,lithography
TSFGA,Boruta,15,0.09658056913116744,0.0408949970084036,38.0,0.22930908203125,5,0,10,False,Boruta,MAE,lithography
TSFGA,DDA,15,0.23332046190586955,0.21512017222860358,8.0,0.00152587890625,2,0,13,True,DDA,MAE,lithography
TSFGA,FILTER,15,-0.4569039243708434,-0.4802115782666254,1.0,0.0001220703125,14,0,1,True,reference,MAE,lithography
TSFGA,GA,15,0.021474225897403856,-0.05900342615476628,53.0,0.7197265625,10,0,5,False,GA,MAE,lithography
TSFGA,LASSO,15,-0.33540320196581586,-0.3288886864336886,3.0,0.00030517578125,14,0,1,True,reference,MAE,lithography
TSFGA,MI,15,0.17688112828114946,0.20589248459818643,17.0,0.012451171875,4,0,11,True,MI,MAE,lithography
TSFGA,NSGA2,15,-0.5427492087856446,-0.39646321050412414,0.0,6.103515625e-05,15,0,0,True,reference,MAE,lithography
TSFGA,PFI-SBS,15,0.28193799030771466,0.27885204194715385,0.0,6.103515625e-05,0,0,15,True,PFI-SBS,MAE,lithography
TSFGA,RFE,15,0.2778237839720109,0.302975388374251,0.0,6.103515625e-05,0,0,15,True,RFE,MAE,lithography
TSFGA,mRMR,15,0.22538547343415327,0.10456917918800901,14.0,0.0067138671875,3,0,12,True,mRMR,MAE,lithography
TSFGA,ALL,15,-0.8359155842402684,-0.8438689018448144,1.0,0.0001220703125,14,0,1,True,reference,MAE,metalization
TSFGA,BGWO,15,0.37281838426011776,0.32879500934460104,0.0,6.103515625e-05,0,0,15,True,BGWO,MAE,metalization
TSFGA,BPSO,15,0.25157250590781716,0.2953321219508025,5.0,0.0006103515625,2,0,13,True,BPSO,MAE,metalization
TSFGA,Boruta,15,0.11010868811626899,0.2820344423724963,44.0,0.389404296875,7,0,8,False,Boruta,MAE,metalization
TSFGA,DDA,15,0.45591801650493,0.36046876647758985,19.0,0.01806640625,3,0,12,True,DDA,MAE,metalization
TSFGA,FILTER,15,-0.8528276579346541,-0.7155859494349155,0.0,6.103515625e-05,15,0,0,True,reference,MAE,metalization
TSFGA,GA,15,-0.1065274359642982,-0.06621139621213512,43.0,0.359130859375,10,0,5,False,reference,MAE,metalization
TSFGA,LASSO,15,-0.8141729613649267,-0.6375649078288825,0.0,6.103515625e-05,15,0,0,True,reference,MAE,metalization
TSFGA,MI,15,0.12967421369011423,0.3301634160021667,40.0,0.27685546875,7,0,8,False,MI,MAE,metalization
TSFGA,NSGA2,15,-0.20854073241451435,-0.06759508992739605,36.0,0.1876220703125,8,0,7,False,reference,MAE,metalization
TSFGA,PFI-SBS,15,0.35177163930374206,0.4077256748836433,15.0,0.00836181640625,3,0,12,True,PFI-SBS,MAE,metalization
TSFGA,RFE,15,0.3216015355943607,0.35624983608911354,21.0,0.02557373046875,4,0,11,True,RFE,MAE,metalization
TSFGA,mRMR,15,0.14167808873746654,0.17297502704368295,28.0,0.072998046875,4,0,11,False,mRMR,MAE,metalization
TSFGA,ALL,15,-0.5968717061992873,-0.48999522353974,0.0,6.103515625e-05,15,0,0,True,reference,MAE,planarization
TSFGA,BGWO,15,0.3451538743553168,0.2800066578357532,0.0,6.103515625e-05,0,0,15,True,BGWO,MAE,planarization
TSFGA,BPSO,15,0.17329869492996736,0.13340471667852238,1.0,0.0001220703125,1,0,14,True,BPSO,MAE,planarization
TSFGA,Boruta,15,-0.0661455456187749,-0.05271460990113663,43.0,0.359130859375,9,0,6,False,reference,MAE,planarization
TSFGA,DDA,15,0.1433734676482832,0.11376971965108673,21.0,0.02557373046875,2,0,13,True,DDA,MAE,planarization
TSFGA,FILTER,15,-0.7512137355479543,-0.6424232122079676,0.0,6.103515625e-05,15,0,0,True,reference,MAE,planarization
TSFGA,GA,15,-0.16137144396626232,-0.11098830720716091,33.0,0.1353759765625,11,0,4,False,reference,MAE,planarization
TSFGA,LASSO,15,-0.6041684448746085,-0.4737676549707257,7.0,0.00115966796875,14,0,1,True,reference,MAE,planarization
TSFGA,MI,15,0.05706733225113731,0.09112113842641278,32.0,0.12054443359375,4,0,11,False,MI,MAE,planarization
TSFGA,NSGA2,15,-0.6164457409429516,-0.49938173636434424,0.0,6.103515625e-05,15,0,0,True,reference,MAE,planarization
TSFGA,PFI-SBS,15,0.26917297685645203,0.19346115825165988,0.0,6.103515625e-05,0,0,15,True,PFI-SBS,MAE,planarization
TSFGA,RFE,15,0.24041384111329117,0.18739352363228345,3.0,0.00030517578125,1,0,14,True,RFE,MAE,planarization
TSFGA,mRMR,15,-0.1117088685401925,-0.09358697947284078,21.0,0.02557373046875,11,0,4,True,reference,MAE,planarization
TSFGA,ALL,90,-0.7319000365011985,-0.621710987412726,310.0,2.726240596365444e-12,76,0,14,True,reference,RMSE,ALL_PROCESSES
TSFGA,BGWO,90,0.4826296401000754,0.46673740908120553,126.0,1.0627164629193042e-14,6,0,84,True,BGWO,RMSE,ALL_PROCESSES
TSFGA,BPSO,90,0.2587071078016037,0.23080804447202574,353.0,9.222633129979875e-12,11,0,79,True,BPSO,RMSE,ALL_PROCESSES
TSFGA,Boruta,90,-0.02607658390070928,-0.01832612270026379,1919.0,0.6051254378966182,46,0,44,False,reference,RMSE,ALL_PROCESSES
TSFGA,DDA,90,0.3068272867487885,0.30737069024231345,891.0,3.2651219523108246e-06,27,0,63,True,DDA,RMSE,ALL_PROCESSES
TSFGA,FILTER,90,-0.8295897626002656,-0.7251492745445143,165.0,3.6025208816427804e-14,81,0,9,True,reference,RMSE,ALL_PROCESSES
TSFGA,GA,90,-0.17089850938114165,-0.20815546405010732,1334.0,0.00409302462604061,59,0,31,True,reference,RMSE,ALL_PROCESSES
TSFGA,LASSO,90,-0.6376345891359334,-0.5656634396986471,621.0,9.479287631301456e-09,75,0,15,True,reference,RMSE,ALL_PROCESSES
TSFGA,MI,90,0.15554803706450843,0.06472139066851712,1458.0,0.01769378879557726,38,0,52,True,MI,RMSE,ALL_PROCESSES
TSFGA,NSGA2,90,-0.5452121472900563,-0.35443761083431946,832.0,1.0043017278491953e-06,65,0,25,True,reference,RMSE,ALL_PROCESSES
TSFGA,PFI-SBS,90,0.39330227909555104,0.3426753532963418,587.0,4.187848664516345e-09,17,0,73,True,PFI-SBS,RMSE,ALL_PROCESSES
TSFGA,RFE,90,0.345015859592011,0.31956313476452936,779.0,3.3246173569178726e-07,21,0,69,True,RFE,RMSE,ALL_PROCESSES
TSFGA,mRMR,90,0.03596839453531009,0.045484111570181174,1891.0,0.5288861088976597,40,0,50,False,mRMR,RMSE,ALL_PROCESSES
TSFGA,ALL,15,-0.46229744165787184,-0.3597202057763358,22.0,0.0301513671875,11,0,4,True,reference,RMSE,deposition
TSFGA,BGWO,15,0.6779892862053719,0.6273975478026097,0.0,6.103515625e-05,0,0,15,True,BGWO,RMSE,deposition
TSFGA,BPSO,15,0.5147674211124851,0.44546188283802657,0.0,6.103515625e-05,0,0,15,True,BPSO,RMSE,deposition
TSFGA,Boruta,15,0.10985441138293642,0.09391266305338064,43.0,0.359130859375,5,0,10,False,Boruta,RMSE,deposition
TSFGA,DDA,15,0.7332822541224623,0.7253611147430687,1.0,0.0001220703125,1,0,14,True,DDA,RMSE,deposition
TSFGA,FILTER,15,-0.7259967386113563,-0.7105125087759259,13.0,0.00537109375,12,0,3,True,reference,RMSE,deposition
TSFGA,GA,15,0.09966130361441702,-0.016091704906187942,58.0,0.93408203125,9,0,6,False,GA,RMSE,deposition
TSFGA,LASSO,15,-0.1777534504474281,-1.0942508498306145,49.0,0.5614013671875,9,0,6,False,reference,RMSE,deposition
TSFGA,MI,15,0.5441714301865633,0.5863655671193371,13.0,0.00537109375,4,0,11,True,MI,RMSE,deposition
TSFGA,NSGA2,15,-1.418060112244201,-1.1399183550144576,8.0,0.00152587890625,13,0,2,True,reference,RMSE,deposition
TSFGA,PFI-SBS,15,0.6950810238795815,0.7016483721968783,2.0,0.00018310546875,1,0,14,True,PFI-SBS,RMSE,deposition
TSFGA,RFE,15,0.5914465199261756,0.5179599646626958,4.0,0.00042724609375,1,0,14,True,RFE,RMSE,deposition
TSFGA,mRMR,15,0.36198207234559476,0.3360024620749815,14.0,0.0067138671875,3,0,12,True,mRMR,RMSE,deposition
TSFGA,ALL,15,-0.36715548164536144,-0.4496345303839542,13.0,0.00537109375,12,0,3,True,reference,RMSE,etching
TSFGA,BGWO,15,0.34374829567063514,0.30903161945411917,0.0,6.103515625e-05,0,0,15,True,BGWO,RMSE,etching
TSFGA,BPSO,15,0.1617799086387094,0.13184993375185616,1.0,0.0001220703125,1,0,14,True,BPSO,RMSE,etching
TSFGA,Boruta,15,-0.07096919417207097,-0.0948818209202984,46.0,0.45428466796875,10,0,5,False,reference,RMSE,etching
TSFGA,DDA,15,0.21728748373828521,0.2827306957346898,16.0,0.01025390625,4,0,11,True,DDA,RMSE,etching
TSFGA,FILTER,15,-0.336721772349205,-0.2962496713900169,5.0,0.0006103515625,13,0,2,True,reference,RMSE,etching
TSFGA,GA,15,-0.3841702458552507,-0.28340001379189683,10.0,0.00262451171875,12,0,3,True,reference,RMSE,etching
TSFGA,LASSO,15,-0.3787683875472736,-0.369176251218823,11.0,0.00335693359375,12,0,3,True,reference,RMSE,etching
TSFGA,MI,15,0.07078992222427818,0.024201626049974223,49.0,0.5614013671875,6,0,9,False,MI,RMSE,etching
TSFGA,NSGA2,15,-0.1020594834235306,-0.05458846661263017,36.0,0.1876220703125,8,0,7,False,reference,RMSE,etching
TSFGA,PFI-SBS,15,0.16697802105331125,0.1949585365771469,21.0,0.02557373046875,3,0,12,True,PFI-SBS,RMSE,etching
TSFGA,RFE,15,0.0669901877810075,0.19873748606067476,49.0,0.5614013671875,7,0,8,False,RFE,RMSE,etching
TSFGA,mRMR,15,-0.349101452527482,-0.29565291090256185,19.0,0.01806640625,11,0,4,True,reference,RMSE,etching
TSFGA,ALL,15,-0.9693240055028508,-0.9411724287769552,5.0,0.0006103515625,13,0,2,True,reference,RMSE,implantation
TSFGA,BGWO,15,0.5720357939059433,0.7219027937967315,14.0,0.0067138671875,2,0,13,True,BGWO,RMSE,implantation
TSFGA,BPSO,15,0.25767368710745386,0.30194191726926434,18.0,0.01507568359375,3,0,12,True,BPSO,RMSE,implantation
TSFGA,Boruta,15,-0.14243099817438415,-0.2905790064800442,45.0,0.42120361328125,8,0,7,False,reference,RMSE,implantation
TSFGA,DDA,15,0.10297042940745817,-0.11594561713138418,58.0,0.93408203125,8,0,7,False,DDA,RMSE,implantation
TSFGA,FILTER,15,-1.193957049506347,-1.208485634771943,3.0,0.00030517578125,14,0,1,True,reference,RMSE,implantation
TSFGA,GA,15,-0.2197821567989705,-0.3808926474384613,35.0,0.1688232421875,9,0,6,False,reference,RMSE,implantation
TSFGA,LASSO,15,-0.7452142654192625,-0.6046382722946202,12.0,0.0042724609375,13,0,2,True,reference,RMSE,implantation
TSFGA,MI,15,0.06435247684407214,-0.0452362912755877,57.0,0.890380859375,8,0,7,False,MI,RMSE,implantation
TSFGA,NSGA2,15,-0.36154864592489916,-0.20180156572761732,41.0,0.30279541015625,9,0,6,False,reference,RMSE,implantation
TSFGA,PFI-SBS,15,0.5084405579981033,0.5974100135735636,19.0,0.01806640625,4,0,11,True,PFI-SBS,RMSE,implantation
TSFGA,RFE,15,0.49620266781475736,0.5945246236393587,19.0,0.01806640625,4,0,11,True,RFE,RMSE,implantation
TSFGA,mRMR,15,0.26558904157846164,0.32867397741048876,33.0,0.1353759765625,4,0,11,False,mRMR,RMSE,implantation
TSFGA,ALL,15,-0.6060790952009327,-0.641279738008179,4.0,0.00042724609375,14,0,1,True,reference,RMSE,lithography
TSFGA,BGWO,15,0.4065042256461958,0.49032350904628963,0.0,6.103515625e-05,0,0,15,True,BGWO,RMSE,lithography
TSFGA,BPSO,15,0.1479746691286712,0.1321904542372172,6.0,0.0008544921875,1,0,14,True,BPSO,RMSE,lithography
TSFGA,Boruta,15,0.08804987581536855,0.07581019181051118,48.0,0.52447509765625,7,0,8,False,Boruta,RMSE,lithography
TSFGA,DDA,15,0.33210627628859324,0.2906230015271061,12.0,0.0042724609375,4,0,11,True,DDA,RMSE,lithography
TSFGA,FILTER,15,-0.6202850949774656,-0.6068197800460275,5.0,0.0006103515625,13,0,2,True,reference,RMSE,lithography
TSFGA,GA,15,-0.0026670908594405534,-0.05254945068558925,47.0,0.48870849609375,10,0,5,False,reference,RMSE,lithography
TSFGA,LASSO,15,-0.4476669965738831,-0.3951472576499633,8.0,0.00152587890625,14,0,1,True,reference,RMSE,lithography
TSFGA,MI,15,0.2146278682664145,0.22760389354238608,23.0,0.03533935546875,5,0,10,True,MI,RMSE,lithography
TSFGA,NSGA2,15,-0.6440788056576542,-0.423906358079682,2.0,0.00018310546875,14,0,1,True,reference,RMSE,lithography
TSFGA,PFI-SBS,15,0.34026700884176725,0.3382221027731944,0.0,6.103515625e-05,0,0,15,True,PFI-SBS,RMSE,lithography
TSFGA,RFE,15,0.3495506059068382,0.3693025310513729,2.0,0.00018310546875,1,0,14,True,RFE,RMSE,lithography
TSFGA,mRMR,15,0.16424999573191237,0.038752683499594376,60.0,1.0,7,0,8,False,mRMR,RMSE,lithography
TSFGA,ALL,15,-1.2460957255623157,-1.052340242331626,1.0,0.0001220703125,14,0,1,True,reference,RMSE,metalization
TSFGA,BGWO,15,0.5145503082145275,0.476637312606389,3.0,0.00030517578125,2,0,13,True,BGWO,RMSE,metalization
TSFGA,BPSO,15,0.2566644716804305,0.3552015064395935,23.0,0.03533935546875,4,0,11,True,BPSO,RMSE,metalization
TSFGA,Boruta,15,-0.017678005933256812,-0.09371491782379238,55.0,0.803955078125,8,0,7,False,reference,RMSE,metalization
TSFGA,DDA,15,0.3925400867133699,0.5200795114287242,32.0,0.12054443359375,5,0,10,False,DDA,RMSE,metalization
TSFGA,FILTER,15,-1.194888661023156,-1.0540791591141314,0.0,6.103515625e-05,15,0,0,True,reference,RMSE,metalization
TSFGA,GA,15,-0.27765562762899354,-0.14338522501271633,37.0,0.207763671875,8,0,7,False,reference,RMSE,metalization
TSFGA,LASSO,15,-1.2418321302491413,-0.8469256230765456,0.0,6.103515625e-05,15,0,0,True,reference,RMSE,metalization
TSFGA,MI,15,0.03455604732446874,-0.06509356733679716,55.0,0.803955078125,8,0,7,False,MI,RMSE,metalization
TSFGA,NSGA2,15,-0.185250303948587,-0.1499326177913538,44.0,0.389404296875,9,0,6,False,reference,RMSE,metalization
TSFGA,PFI-SBS,15,0.3104211751418005,0.34582225117418375,27.0,0.063720703125,5,0,10,False,PFI-SBS,RMSE,metalization
TSFGA,RFE,15,0.286079019155879,0.27887301677626475,32.0,0.12054443359375,5,0,10,False,RFE,RMSE,metalization
TSFGA,mRMR,15,0.04706528364939804,0.05221553964076797,45.0,0.42120361328125,5,0,10,False,mRMR,RMSE,metalization
TSFGA,ALL,15,-0.740448469437858,-0.6118321659686199,18.0,0.01507568359375,12,0,3,True,reference,RMSE,planarization
TSFGA,BGWO,15,0.3809499309577794,0.2685158463991879,7.0,0.00115966796875,2,0,13,True,BGWO,RMSE,planarization
TSFGA,BPSO,15,0.21338248914187224,0.191334255882321,11.0,0.00335693359375,2,0,13,True,BPSO,RMSE,planarization
TSFGA,Boruta,15,-0.12328559232284864,-0.35609122584392594,47.0,0.48870849609375,8,0,7,False,reference,RMSE,planarization
TSFGA,DDA,15,0.06277719022256226,0.1633815262626701,40.0,0.27685546875,5,0,10,False,DDA,RMSE,planarization
TSFGA,FILTER,15,-0.905689259134064,-0.8137207557155737,4.0,0.00042724609375,14,0,1,True,reference,RMSE,planarization
TSFGA,GA,15,-0.24077723875861162,-0.2941502185886016,34.0,0.15142822265625,11,0,4,False,reference,RMSE,planarization
TSFGA,LASSO,15,-0.8345723045786122,-0.8916139230705102,17.0,0.012451171875,12,0,3,True,reference,RMSE,planarization
TSFGA,MI,15,0.0047904775412537385,0.05255365085550423,60.0,1.0,7,0,8,False,MI,RMSE,planarization
TSFGA,NSGA2,15,-0.5602755325414659,-0.4835843232163235,20.0,0.02154541015625,12,0,3,True,reference,RMSE,planarization
TSFGA,PFI-SBS,15,0.33862588765874263,0.2642027656605652,26.0,0.05535888671875,4,0,11,False,PFI-SBS,RMSE,planarization
TSFGA,RFE,15,0.2798261569674084,0.2030684831700178,32.0,0.12054443359375,3,0,12,False,RFE,RMSE,planarization
TSFGA,mRMR,15,-0.27397457356602417,-0.1385752029329943,27.0,0.063720703125,10,0,5,False,reference,RMSE,planarization
