process,method,MRA,MAE,RMSE,MAPE,R2,PRF,n_selected,CFS,n_high_corr_pairs,time_s,n_evals,MRA_sd,MAE_sd,RMSE_sd,MAPE_sd,R2_sd,PRF_sd,n_selected_sd,CFS_sd,n_high_corr_pairs_sd,time_s_sd,n_evals_sd
deposition,ALL,0.6593518335831936,7.304286345809308,13.242575989188373,41.251708510457576,0.6583810366068351,0.0,54.0,0.4627753353842121,18.0,0.9696965799987083,1.0,0.004572380003347559,0.10205696554715787,0.20989441169201412,0.6325522969446461,0.012238292952045973,0.0,0.0,0.0,0.0,0.024619308234888643,0.0
deposition,DDA,0.6994055475576928,6.450118528612745,12.11677630755187,32.949296526923135,0.7106880313130816,0.7925925925925925,11.2,0.6003392720347023,5.4,24.407431060003,55.0,0.004341252315083852,0.0766832109214893,0.243120465508163,0.6998585545771376,0.013780431688803545,0.033126932999996896,1.7888543819998317,0.014105824873290882,1.949358868961793,2.3656000638864785,0.0
deposition,FILTER,0.6471958988648605,7.559898577547831,13.499291853261173,43.32754911005767,0.6441727362646986,0.20370370370370372,43.0,0.3200251013752406,0.0,1.700289759997395,2.0,0.0015931770151549937,0.02085489889043389,0.13514817530615963,0.7606804697464461,0.010165949285880962,0.0,0.0,0.0,0.0,0.22826460552155384,0.0
deposition,MI,0.6951073705705582,6.548921274561319,12.28034215528913,33.61157868702311,0.704561077417024,0.7074074074074075,15.8,0.5991455890952205,15.0,37.04515928000037,54.0,0.004219410743168355,0.0868586670197911,0.2181642386552864,0.45019386162873387,0.012440425994055784,0.00828173324999922,0.44721359549995815,0.0017519158807713653,0.0,1.5740285161817027,0.0
deposition,NSGA2,0.6432679783649702,7.65597153026216,14.146932703020221,38.02039763692517,0.6046060115998981,0.962962962962963,2.0,0.7720940841533911,0.0,2160.3435456799984,5435.6,0.003613494154554368,0.07042834581380808,0.19097455240250957,0.2793757669578454,0.013879405393878294,0.0,0.0,0.0,0.0,165.07101057312624,445.5258690581278
deposition,PFI-SBS,0.6994888876116835,6.465629143829747,12.090194543613062,32.819175860183165,0.7150376023955227,0.7851851851851852,11.6,0.6477205544541117,8.4,46.9282631799957,54.0,0.003315838566659118,0.07840498390482467,0.18148532168766357,0.7428974167565011,0.009020732978785874,0.06625386599999379,3.5777087639996634,0.036424565298330554,4.722287581247038,1.2209104941137057,0.0
deposition,TSFGA,0.6835743250436588,6.789707404957857,12.600349147224964,35.35215182357255,0.6879040025680963,0.8444444444444444,8.4,0.5661114406673862,0.0,4761.196006080005,9291.0,0.007659970259175761,0.16680533126397587,0.20241950072487214,1.7368361027107324,0.008421891906081445,0.010143010324169742,0.5477225575051662,0.044869017537703955,0.0,1540.8092464474933,4202.328699661653
deposition,mRMR,0.6880103384885802,6.707756156183812,12.45768328120456,34.67841277883325,0.6970405876275081,0.7518518518518519,13.4,0.6165439744650244,6.0,33.746375280001665,54.0,0.0033305817600335513,0.06439123190286153,0.18575889612871116,0.7081389006850006,0.01171824833072415,0.05171940756951459,2.7928480087537886,0.052461684465886914,1.2247448713915892,2.5344162361326465,0.0
etching,ALL,0.7499638749324207,2.8692244363855597,4.868028146108099,26.5791603575799,0.7385500749253106,0.0,54.0,0.4545725379274435,19.0,0.991696740000043,1.0,0.0011810962485501206,0.011177359895483954,0.061219036678817014,0.25655432612735524,0.005982677106925137,0.0,0.0,0.0,0.0,0.0214210265927328,0.0
etching,DDA,0.7863622610452705,2.453615777855993,4.291441568000321,21.181409557108047,0.7953412405737066,0.7962962962962964,11.0,0.7103994423857395,4.0,21.813581960002193,55.0,0.002874740894677249,0.03614427099186272,0.0899262141990335,0.36626040220152295,0.008206964432421244,0.03703703703703707,2.0,0.03670043119858699,2.345207879911715,2.1533615890653035,0.0
etching,FILTER,0.7472097734341187,2.8952336230830373,4.841661367219032,27.262851665539195,0.7392146653231219,0.20370370370370372,43.0,0.3254931321609128,0.0,1.5823565799975767,2.0,0.0017113866128505883,0.017138068905919082,0.06812085889574604,0.20224244783513862,0.007353370264626318,0.0,0.0,0.0,0.0,0.12944496527823232,0.0
etching,MI,0.7783892929465465,2.544195170807948,4.4129298293898085,21.787575073549217,0.7852703324941428,0.762962962962963,12.8,0.5851761381458089,13.0,24.335290999998687,54.0,0.001281531482728798,0.015392807541481444,0.04054491317085493,0.1359781110510856,0.004476932900819106,0.01549370419507549,0.8366600265340756,0.004447197454998501,0.0,1.1742531460045047,0.0
etching,NSGA2,0.7548194616001428,2.7963207414365288,4.564375765190981,25.2731171320843,0.7607224789972322,0.962962962962963,2.0,0.7744489744272558,0.0,1592.9892971200024,5211.6,0.0012508069167690486,0.013585161092622935,0.018703925574063016,0.19968762769331197,0.0035297066327037046,0.0,0.0,0.0,0.0,160.62847207232554,415.35623264855417
etching,PFI-SBS,0.7845484800904943,2.466247865528274,4.306850266035601,21.29523359554635,0.7922480611263738,0.8222222222222222,9.6,0.6778751436037301,5.0,30.252234419999876,54.0,0.002971710117816019,0.0298627688385547,0.047979759544163246,0.22722922052956232,0.0030834260699781867,0.07002840889329276,3.7815340802378077,0.05850650694281602,3.0,0.6116525168635248,0.0
etching,TSFGA,0.7635552950705943,2.701139146137428,4.511315948144502,24.61618504388805,0.7693387378719827,0.8777777777777777,6.6,0.5232827816822839,0.0,3802.3695876400016,8859.6,0.005480673178301825,0.06554768055031637,0.059528300192969154,0.892241129330516,0.005795077737670749,0.010143010324169716,0.5477225575051661,0.02872725222262108,0.0,1003.1778960328406,1664.9587982890146
etching,mRMR,0.7606801855038594,2.729872755869285,4.839558930113075,22.636361206729816,0.729388623342744,0.9148148148148149,4.6,0.6800901482542713,0.2,23.75782042000501,54.0,0.003509629050375505,0.0385493584681992,0.047492667953545425,0.6092460600497269,0.004421630539606328,0.024845199749997687,1.3416407864998738,0.03404762883668509,0.4472135954999579,1.2544071528853156,0.0
implantation,ALL,0.6710677789009127,8.717516341313296,15.434151918929265,36.01436055795057,0.6846300038244397,0.0,54.0,0.4790851370810575,18.0,1.0398367599991616,1.0,0.0027915098149227154,0.08261823666439112,0.10490494980576259,0.35617805779853823,0.003111344489811885,0.0,0.0,0.0,0.0,0.08576446485045454,0.0
implantation,DDA,0.7026243640145132,7.934056341364885,14.436907846599386,30.309967826111176,0.7287183457958513,0.762962962962963,12.8,0.6414529992465574,7.0,25.316904700003214,55.0,0.0070419027420467895,0.17584717441001393,0.3825685935501358,0.7644410412524207,0.013618332753153916,0.024145194093343172,1.3038404810405297,0.06686631395581291,2.7386127875258306,2.478460075500931,0.0
implantation,FILTER,0.6694555794308934,8.768464719179288,15.633285218717822,36.1371690134454,0.6793226776515982,0.20370370370370372,43.0,0.32580463761897754,0.0,1.6249872399988816,2.0,0.002852937226688315,0.07932612952452116,0.08221427448670043,0.5966931519733553,0.003595838676934979,0.0,0.0,0.0,0.0,0.14593237944408322,0.0
implantation,MI,0.6978031928251099,8.05498920785604,14.456531214667518,31.422696489532665,0.7281118559058731,0.725925925925926,14.8,0.6054968309657255,13.2,21.663536440001916,54.0,0.0028757730245633395,0.07814044529168697,0.08690664301660064,0.3600635378609638,0.0039123971922025835,0.07337634354132941,3.96232255123179,0.005861238904961844,1.0954451150103321,0.4873652387576366,0.0
implantation,NSGA2,0.6891411942451976,8.299142405686336,14.880274191931624,31.429379823786142,0.7165352406652459,0.962962962962963,2.0,0.813458292507522,0.0,1240.7785022199998,5386.8,0.0013133482255577643,0.04723475444040993,0.1286560743604695,0.19535658651741436,0.0035609446267133387,0.0,0.0,0.0,0.0,66.75157209804709,288.1799784856679
implantation,PFI-SBS,0.7138091729711822,7.6453883470923305,14.040673291116926,28.580087436333407,0.744632331965337,0.8518518518518519,8.0,0.6976615205477465,4.0,26.44549279999628,54.0,0.0024649668585074776,0.058174453729068584,0.11186765319953279,0.34690896664669757,0.003836550468577454,0.029280348705262728,1.5811388300841898,0.03472315766599097,1.0,1.8412956658583277,0.0
implantation,TSFGA,0.7050123685223703,7.861050930951615,14.356917858145101,29.905923340521458,0.7322042483021991,0.8555555555555555,7.8,0.5728683388273706,0.0,4953.3518335,11201.4,0.0056622619687555185,0.16390922502963584,0.2726204761182337,0.7191723052502829,0.009044095035236344,0.020286020648339464,1.0954451150103324,0.031049908519604437,0.0,1322.2116586272678,2460.359384317665
implantation,mRMR,0.7045505621169279,7.874015500283416,14.363374941579178,30.381026393210316,0.7320422958237375,0.7703703703703704,12.4,0.6280875927171647,6.2,21.21311352000048,54.0,0.004574552115987701,0.12887515026155258,0.1962283344603004,0.7452432484314345,0.007536120423393107,0.03364055948997216,1.8165902124584947,0.05017077347222617,1.3038404810405297,0.8638766362948199,0.0
lithography,ALL,0.7110062327673025,4.096267143010183,6.863822635614386,30.861045842619014,0.6182200581919837,0.0,54.0,0.4819966858252033,18.0,0.9554081799986307,1.0,0.003509677240399273,0.04943850950202816,0.08478050056525066,0.538138383436031,0.010068862281268237,0.0,0.0,0.0,0.0,0.05976402496318218,0.0
lithography,DDA,0.7579760639960746,3.430135524154964,5.920537107784613,24.552851703269052,0.7113709453976,0.7703703703703704,12.4,0.6784826776166188,6.6,23.074357459996826,55.0,0.00491909739315798,0.07011616591248684,0.0881373909243327,0.660267602062768,0.008646191698198955,0.02111435972405811,1.140175425099138,0.022994535254676214,1.51657508881031,2.127311993048478,0.0
lithography,FILTER,0.7093893354928079,4.119783220517455,6.886424498313234,31.435697837695567,0.6148309768228994,0.18518518518518523,44.0,0.3586040393350959,0.0,1.4907646999985444,2.0,0.004888218645902813,0.07170239794927333,0.10188194719349594,0.6234897227620946,0.010467484352034215,0.0,0.0,0.0,0.0,0.02744514568819136,0.0
lithography,MI,0.7551107383340905,3.475575567047296,6.039902102787455,24.939232171355087,0.7008221617071695,0.7444444444444445,13.8,0.6029696748090735,12.0,21.75226943999878,54.0,0.002958843894180108,0.04183379189155395,0.047249435205083394,0.29365578121581387,0.005280091050051843,0.008281733249999262,0.44721359549995787,0.004304118574468537,0.0,1.0101081497300055,0.0
lithography,NSGA2,0.7038408313380647,4.205672388199799,6.9010354291173615,31.481864944163874,0.613569321174657,0.962962962962963,2.0,0.7771759987012699,0.0,1137.869130940002,5113.0,0.0017433861334870673,0.025776674514641364,0.03465341795559178,0.1676091207458142,0.002556160012535217,0.0,0.0,0.0,0.0,53.546529244828015,211.60458407132873
lithography,PFI-SBS,0.7605689356893188,3.3857128814908704,5.937496916192956,23.659269240726722,0.7088083715541413,0.8592592592592592,7.6,0.7624489621624426,4.0,25.456334880000213,54.0,0.002104553707499766,0.033315445632230094,0.07496091986838585,0.18873126843291163,0.007235842440002047,0.01014301032416972,0.547722557505166,0.012244988290747908,0.0,1.4033759785080244,0.0
lithography,TSFGA,0.7432184939802806,3.626931975595867,6.257223714174861,26.27401037119169,0.6766508301675482,0.8481481481481481,8.2,0.5335821743259724,0.0,3449.7578558799955,8155.8,0.007995837324264343,0.11973893587885594,0.12292595167299793,1.2092005505892678,0.010002629623886998,0.015493704195075458,0.8366600265340756,0.023640673919134082,0.0,1611.9845365622316,3290.751768213458
lithography,mRMR,0.7578143612042404,3.442208719036178,6.107493878084695,23.616476756865744,0.6960918453014283,0.9148148148148149,4.6,0.7156831555552615,0.4,21.366151360000366,54.0,0.0036886023837656204,0.05141935393295717,0.12027002376839498,0.447217788884907,0.011426953309191875,0.024845199749997667,1.3416407864998738,0.027917034769838308,0.8944271909999159,1.0094289220278339,0.0
metalization,ALL,0.6975747463338493,8.179380731317181,14.49598650359479,34.7131348705736,0.7023163135046189,0.0,54.0,0.4991962815731018,19.0,1.0155346599960466,1.0,0.00474943925949274,0.13252360991847742,0.184924382762574,0.6064176216205771,0.0068788940517428895,0.0,0.0,0.0,0.0,0.0737215105779065,0.0
metalization,DDA,0.7452305909958848,6.887376442015213,12.853085886263864,26.935527066118304,0.7647652033820569,0.8407407407407408,8.6,0.6978503922572876,2.2,21.21438095999765,55.0,0.003900671289959243,0.08750870697036044,0.14860430152644116,0.5445208158824206,0.008139447101855416,0.038400817320977214,2.073644135332772,0.0958837352061036,1.3038404810405297,2.3507842653629356,0.0
metalization,FILTER,0.6969202486386893,8.216373054433339,14.460972112639178,35.74114277878041,0.7084314047318317,0.20370370370370372,43.0,0.33132472991969464,0.0,1.520905300002778,2.0,0.0027521608160712588,0.08326133708835998,0.11780764662797323,0.6505232844508078,0.003797672928647525,0.0,0.0,0.0,0.0,0.044682775964707926,0.0
metalization,MI,0.733846026694637,7.199165235319798,13.23376592608535,28.607751448453808,0.7513226229286876,0.762962962962963,12.8,0.6227812568969595,15.2,35.7603129599971,54.0,0.00260695331421323,0.06797266784481613,0.14969303190449157,0.1865479376311427,0.006304064101636219,0.01549370419507546,0.8366600265340753,0.0020123078933507437,1.0954451150103326,1.2657574260922932,0.0
metalization,NSGA2,0.7196925991466225,7.560705296667827,13.476566491705025,30.398219653950726,0.7416713055680785,0.962962962962963,2.0,0.7922361062077109,0.0,2024.1615701200003,5345.6,0.0019400809695213027,0.04989712438200434,0.1758113825387372,0.2245733385950732,0.006251798799495165,0.0,0.0,0.0,0.0,199.35055665791785,465.38296058192776
metalization,PFI-SBS,0.7424180063168906,6.961431794684384,12.934702820773975,27.21608147734317,0.7612349907475234,0.8333333333333334,9.0,0.668609424484292,5.8,43.952422459999795,54.0,0.0017463009138918967,0.0496242998592899,0.03668160357500061,0.2675146786893623,0.0023068436470220803,0.013094570021973083,0.7071067811865476,0.03258513305573792,1.0954451150103321,2.3165097696897834,0.0
metalization,TSFGA,0.7294692512437227,7.318453806800768,13.19854426579487,29.850847438669604,0.7533130842416799,0.8814814814814815,6.4,0.5488386918515665,0.0,4688.546963899998,9482.4,0.01317514745971116,0.3534753410312331,0.47053992256674276,1.9425403442603246,0.01811249562647008,0.02111435972405809,1.140175425099138,0.04304415222100466,0.0,1989.800150641516,4180.48182629706
metalization,mRMR,0.7339511465949162,7.190597589666136,13.176856405793057,28.46432329937148,0.752673753419918,0.8111111111111111,10.2,0.7372630924112336,4.0,33.90763376000105,54.0,0.0025775221662061613,0.06956204527826797,0.12317427211983151,0.3832382342846489,0.005475467469212457,0.008281733249999262,0.44721359549995787,0.008118083558826037,0.0,1.828303559418572,0.0
planarization,ALL,0.6893487664738083,6.207394690896091,10.743210851983118,34.41403539542432,0.6057935998196268,0.0,54.0,0.4887022571931599,19.0,1.0393985599977895,1.0,0.002730943547482691,0.05449685824916138,0.05616011979644637,0.3260588357409213,0.004868532135529102,0.0,0.0,0.0,0.0,0.11745384288882335,0.0
planarization,DDA,0.7254128142445694,5.500798172782669,9.970464845120539,28.5360687931984,0.6649757566284722,0.7925925925925926,11.2,0.7512535238681654,4.6,23.989681080001173,55.0,0.003975425630219657,0.08404442485923713,0.1010698862904653,0.5955428343490792,0.006910681568376648,0.020286020648339526,1.0954451150103324,0.014147613763543735,1.6733200530681511,1.8446523409408928,0.0
planarization,FILTER,0.6837280040911338,6.340361131001112,10.895516873379984,35.38495950748776,0.6023473013898448,0.20370370370370372,43.0,0.3536082192689834,0.0,1.724607160000596,2.0,0.001782435133036455,0.04366225261863959,0.07573943104204986,0.3916410982981877,0.003972940599920133,0.0,0.0,0.0,0.0,0.22682675512728503,0.0
planarization,MI,0.7209161706237524,5.581254653382284,10.012671713659568,29.12774884929639,0.6591033240052995,0.7,16.2,0.6292924016238524,16.0,35.96958866000059,54.0,0.004984044018000129,0.10208650036065522,0.1385782637309981,0.5563389843625476,0.011131589221852277,0.008281733249999262,0.44721359549995787,0.0014847782733480553,0.0,1.718281190855098,0.0
planarization,NSGA2,0.6869985259589548,6.249268400426901,10.5917326329569,34.41853425204282,0.6206663975663561,0.962962962962963,2.0,0.7878281143489808,0.0,1895.8796864200006,5399.4,0.0019385645585314614,0.041104272645291165,0.04683710001393603,0.16089359797412192,0.0038988023109397577,0.0,0.0,0.0,0.0,105.04173565766634,375.94254880234035
planarization,PFI-SBS,0.7322352996234626,5.369301387277792,9.693950219515859,27.77697432697027,0.6836590390937805,0.7962962962962964,11.0,0.7002023472544685,6.6,44.45719206000213,54.0,0.005232987942684979,0.10459739279136002,0.12745003483936262,0.6749361880147795,0.008384673499418254,0.022680460581325723,1.224744871391589,0.044123731808952266,0.5477225575051663,2.2153933122768743,0.0
planarization,TSFGA,0.7183535946945531,5.646092612930735,10.014611863168394,29.83843799231257,0.6637914947691474,0.8851851851851851,6.2,0.6234726533816665,0.0,4215.33756268,9765.2,0.014612384188585188,0.2806061751183568,0.3029142818514962,2.4855376765889567,0.02234979624653683,0.024145194093343147,1.30384048104053,0.08863157461855263,0.0,1343.1212613023827,4280.474354554644
planarization,mRMR,0.7151132893656866,5.715702600592239,10.261543197459584,30.225512330018603,0.6486798339463318,0.7592592592592593,13.0,0.692894306448464,4.0,36.96613147999742,54.0,0.0029181163923516305,0.06479978480105844,0.12370942009003812,0.36523599951096286,0.007455058919747473,0.0,0.0,0.0,0.0,3.339081951079352,0.0
