method,precision,recall,f1,n_redundant_kept
DDA,0.8590939153439153,0.5424242424242425,0.6614295952299047,2.8833333333333333
Boruta,0.8233730158730158,0.4984848484848484,0.6157381607613807,4.033333333333333
PFI-SBS,0.8660582010582011,0.43636363636363634,0.5747570519435844,2.433333333333333
MI,0.8349512987012987,0.45,0.57439772932033,3.5
RFE,0.8646825396825396,0.40606060606060607,0.5499244639376218,2.3
BGWO,0.9833333333333333,0.3621212121212121,0.5283730158730159,0.0
GA,0.6099909812409813,0.46060606060606063,0.5204720654875453,0.6666666666666666
BPSO,0.7146428571428571,0.3787878787878788,0.49144052942814553,0.0
mRMR,0.6502332852332853,0.3924242424242424,0.47711570779295237,1.55
TSFGA,0.5944378306878306,0.37727272727272726,0.4572002923976608,0.03333333333333333
LASSO,0.29819350504429415,0.9545454545454546,0.4530020870874029,3.5
ALL,0.2558139534883721,1.0,0.40740740740740744,5.0
FILTER,0.2558139534883721,1.0,0.40740740740740744,0.16666666666666666
NSGA2,1.0,0.18181818181818182,0.3076923076923077,0.0
