process,feature,category,importance,kind,selection_freq,is_true
lithography,priority,lot,1.4630812642796625,mean|SHAP|,0.8,True
lithography,day_of_week,workshop,1.680587365611771,mean|SHAP|,0.6,False
lithography,util_min,machine,4.3428901629302334,mean|SHAP|,1.0,False
lithography,availability,machine,6.070722644027962,mean|SHAP|,1.0,False
implantation,wip_process,workshop,3.27166578598093,mean|SHAP|,0.8,True
implantation,day_of_week,workshop,2.302969331993507,mean|SHAP|,0.5,False
implantation,util_avg,machine,11.113961553509105,mean|SHAP|,1.0,True
implantation,availability,machine,14.724763407631043,mean|SHAP|,1.0,False
etching,util_max,machine,4.238828542870294,mean|SHAP|,1.0,False
etching,availability,machine,5.358152973128636,mean|SHAP|,1.0,False
metalization,util_avg,machine,11.733768394625931,mean|SHAP|,1.0,True
metalization,queue_len_max,machine,3.2705077573042436,mean|SHAP|,0.8,False
metalization,availability,machine,13.884740661110216,mean|SHAP|,1.0,False
deposition,wip_fab,workshop,1.6511553499774458,mean|SHAP|,0.6,False
deposition,util_avg,machine,9.266005271403165,mean|SHAP|,1.0,True
deposition,queue_len_min,machine,3.402767637898505,mean|SHAP|,0.9,False
deposition,availability,machine,12.518650299939841,mean|SHAP|,1.0,False
planarization,priority,lot,1.9149905382239623,mean|SHAP|,0.7,True
planarization,util_avg,machine,6.38988368904259,mean|SHAP|,1.0,True
planarization,queue_len_avg,machine,2.4054014923493954,mean|SHAP|,0.8,True
planarization,availability,machine,8.81693411875962,mean|SHAP|,1.0,False
