process,method,seed,precision,recall,f1,n_redundant_kept
lithography,ALL,0,0.2558139534883721,1.0,0.40740740740740744,5
lithography,ALL,1,0.2558139534883721,1.0,0.40740740740740744,5
lithography,ALL,2,0.2558139534883721,1.0,0.40740740740740744,5
lithography,ALL,3,0.2558139534883721,1.0,0.40740740740740744,5
lithography,ALL,4,0.2558139534883721,1.0,0.40740740740740744,5
lithography,ALL,5,0.2558139534883721,1.0,0.40740740740740744,5
lithography,ALL,6,0.2558139534883721,1.0,0.40740740740740744,5
lithography,ALL,7,0.2558139534883721,1.0,0.40740740740740744,5
lithography,ALL,8,0.2558139534883721,1.0,0.40740740740740744,5
lithography,ALL,9,0.2558139534883721,1.0,0.40740740740740744,5
lithography,FILTER,0,0.2558139534883721,1.0,0.40740740740740744,1
lithography,FILTER,1,0.2558139534883721,1.0,0.40740740740740744,1
lithography,FILTER,2,0.2558139534883721,1.0,0.40740740740740744,1
lithography,FILTER,3,0.2558139534883721,1.0,0.40740740740740744,1
lithography,FILTER,4,0.2558139534883721,1.0,0.40740740740740744,1
lithography,FILTER,5,0.2558139534883721,1.0,0.40740740740740744,1
lithography,FILTER,6,0.2558139534883721,1.0,0.40740740740740744,1
lithography,FILTER,7,0.2558139534883721,1.0,0.40740740740740744,1
lithography,FILTER,8,0.2558139534883721,1.0,0.40740740740740744,1
lithography,FILTER,9,0.2558139534883721,1.0,0.40740740740740744,1
lithography,GA,0,0.8333333333333334,0.45454545454545453,0.5882352941176471,1
lithography,GA,1,0.75,0.5454545454545454,0.631578947368421,0
lithography,GA,2,0.7142857142857143,0.45454545454545453,0.5555555555555556,0
lithography,GA,3,0.5,0.36363636363636365,0.4210526315789474,1
lithography,GA,4,0.625,0.45454545454545453,0.5263157894736842,0
lithography,GA,5,0.625,0.45454545454545453,0.5263157894736842,0
lithography,GA,6,0.4444444444444444,0.36363636363636365,0.39999999999999997,1
lithography,GA,7,0.5,0.45454545454545453,0.47619047619047616,1
lithography,GA,8,0.5,0.45454545454545453,0.47619047619047616,2
lithography,GA,9,0.5555555555555556,0.45454545454545453,0.5,1
lithography,TSFGA,0,0.375,0.2727272727272727,0.3157894736842105,0
lithography,TSFGA,1,0.5714285714285714,0.36363636363636365,0.4444444444444444,0
lithography,TSFGA,2,0.5,0.36363636363636365,0.4210526315789474,0
lithography,TSFGA,3,0.4444444444444444,0.36363636363636365,0.39999999999999997,0
lithography,TSFGA,4,0.75,0.5454545454545454,0.631578947368421,1
lithography,TSFGA,5,0.5,0.36363636363636365,0.4210526315789474,0
lithography,TSFGA,6,0.8,0.36363636363636365,0.5000000000000001,1
lithography,TSFGA,7,0.8333333333333334,0.45454545454545453,0.5882352941176471,0
lithography,TSFGA,8,0.42857142857142855,0.2727272727272727,0.33333333333333326,0
lithography,TSFGA,9,0.4,0.18181818181818182,0.25000000000000006,0
lithography,mRMR,0,0.75,0.2727272727272727,0.39999999999999997,0
lithography,mRMR,1,0.75,0.2727272727272727,0.39999999999999997,0
lithography,mRMR,2,0.75,0.2727272727272727,0.39999999999999997,0
lithography,mRMR,3,0.6,0.2727272727272727,0.37499999999999994,2
lithography,mRMR,4,0.75,0.2727272727272727,0.39999999999999997,0
lithography,mRMR,5,0.6,0.2727272727272727,0.37499999999999994,1
lithography,mRMR,6,0.75,0.2727272727272727,0.39999999999999997,0
lithography,mRMR,7,0.75,0.2727272727272727,0.39999999999999997,0
lithography,mRMR,8,0.6,0.2727272727272727,0.37499999999999994,2
lithography,mRMR,9,0.75,0.2727272727272727,0.39999999999999997,0
lithography,MI,0,0.7142857142857143,0.45454545454545453,0.5555555555555556,3
lithography,MI,1,0.7142857142857143,0.45454545454545453,0.5555555555555556,3
lithography,MI,2,0.7142857142857143,0.45454545454545453,0.5555555555555556,3
lithography,MI,3,0.6666666666666666,0.36363636363636365,0.4705882352941177,3
lithography,MI,4,0.7142857142857143,0.45454545454545453,0.5555555555555556,3
lithography,MI,5,0.6666666666666666,0.36363636363636365,0.4705882352941177,3
lithography,MI,6,0.7142857142857143,0.45454545454545453,0.5555555555555556,3
lithography,MI,7,0.7142857142857143,0.45454545454545453,0.5555555555555556,3
lithography,MI,8,0.6666666666666666,0.36363636363636365,0.4705882352941177,3
lithography,MI,9,0.625,0.45454545454545453,0.5263157894736842,3
lithography,DDA,0,0.8571428571428571,0.5454545454545454,0.6666666666666665,3
lithography,DDA,1,0.7777777777777778,0.6363636363636364,0.7000000000000001,3
lithography,DDA,2,0.75,0.5454545454545454,0.631578947368421,3
lithography,DDA,3,0.75,0.5454545454545454,0.631578947368421,3
lithography,DDA,4,0.8571428571428571,0.5454545454545454,0.6666666666666665,3
lithography,DDA,5,1.0,0.5454545454545454,0.7058823529411764,3
lithography,DDA,6,1.0,0.7272727272727273,0.8421052631578948,2
lithography,DDA,7,1.0,0.5454545454545454,0.7058823529411764,4
lithography,DDA,8,0.8333333333333334,0.45454545454545453,0.5882352941176471,3
lithography,DDA,9,1.0,0.5454545454545454,0.7058823529411764,1
lithography,PFI-SBS,0,0.8,0.36363636363636365,0.5000000000000001,2
lithography,PFI-SBS,1,1.0,0.36363636363636365,0.5333333333333333,2
lithography,PFI-SBS,2,0.8,0.36363636363636365,0.5000000000000001,2
lithography,PFI-SBS,3,0.8,0.36363636363636365,0.5000000000000001,2
lithography,PFI-SBS,4,1.0,0.36363636363636365,0.5333333333333333,2
lithography,PFI-SBS,5,0.8,0.36363636363636365,0.5000000000000001,2
lithography,PFI-SBS,6,0.8571428571428571,0.5454545454545454,0.6666666666666665,2
lithography,PFI-SBS,7,0.8,0.36363636363636365,0.5000000000000001,2
lithography,PFI-SBS,8,0.8,0.36363636363636365,0.5000000000000001,2
lithography,PFI-SBS,9,1.0,0.36363636363636365,0.5333333333333333,2
lithography,BPSO,0,0.7142857142857143,0.45454545454545453,0.5555555555555556,0
lithography,BPSO,1,0.7142857142857143,0.45454545454545453,0.5555555555555556,0
lithography,BPSO,2,0.5,0.2727272727272727,0.3529411764705882,0
lithography,BPSO,3,0.42857142857142855,0.2727272727272727,0.33333333333333326,0
lithography,BPSO,4,0.8333333333333334,0.45454545454545453,0.5882352941176471,0
lithography,BPSO,5,0.6666666666666666,0.36363636363636365,0.4705882352941177,0
lithography,BPSO,6,0.5,0.2727272727272727,0.3529411764705882,0
lithography,BPSO,7,0.6666666666666666,0.36363636363636365,0.4705882352941177,0
lithography,BPSO,8,0.7142857142857143,0.45454545454545453,0.5555555555555556,0
lithography,BPSO,9,0.5714285714285714,0.36363636363636365,0.4444444444444444,0
lithography,BGWO,0,1.0,0.36363636363636365,0.5333333333333333,0
lithography,BGWO,1,1.0,0.36363636363636365,0.5333333333333333,0
lithography,BGWO,2,1.0,0.36363636363636365,0.5333333333333333,0
lithography,BGWO,3,1.0,0.36363636363636365,0.5333333333333333,0
lithography,BGWO,4,1.0,0.36363636363636365,0.5333333333333333,0
lithography,BGWO,5,1.0,0.36363636363636365,0.5333333333333333,0
lithography,BGWO,6,1.0,0.36363636363636365,0.5333333333333333,0
lithography,BGWO,7,1.0,0.36363636363636365,0.5333333333333333,0
lithography,BGWO,8,1.0,0.36363636363636365,0.5333333333333333,0
lithography,BGWO,9,1.0,0.36363636363636365,0.5333333333333333,0
lithography,NSGA2,0,1.0,0.18181818181818182,0.3076923076923077,0
lithography,NSGA2,1,1.0,0.18181818181818182,0.3076923076923077,0
lithography,NSGA2,2,1.0,0.18181818181818182,0.3076923076923077,0
lithography,NSGA2,3,1.0,0.18181818181818182,0.3076923076923077,0
lithography,NSGA2,4,1.0,0.18181818181818182,0.3076923076923077,0
lithography,NSGA2,5,1.0,0.18181818181818182,0.3076923076923077,0
lithography,NSGA2,6,1.0,0.18181818181818182,0.3076923076923077,0
lithography,NSGA2,7,1.0,0.18181818181818182,0.3076923076923077,0
lithography,NSGA2,8,1.0,0.18181818181818182,0.3076923076923077,0
lithography,NSGA2,9,1.0,0.18181818181818182,0.3076923076923077,0
lithography,Boruta,0,0.75,0.5454545454545454,0.631578947368421,4
lithography,Boruta,1,0.7777777777777778,0.6363636363636364,0.7000000000000001,4
lithography,Boruta,2,0.7777777777777778,0.6363636363636364,0.7000000000000001,4
lithography,Boruta,3,0.75,0.5454545454545454,0.631578947368421,4
lithography,Boruta,4,0.7777777777777778,0.6363636363636364,0.7000000000000001,4
lithography,Boruta,5,0.75,0.5454545454545454,0.631578947368421,4
lithography,Boruta,6,0.8571428571428571,0.5454545454545454,0.6666666666666665,4
lithography,Boruta,7,0.7777777777777778,0.6363636363636364,0.7000000000000001,4
lithography,Boruta,8,0.7777777777777778,0.6363636363636364,0.7000000000000001,4
lithography,Boruta,9,0.875,0.6363636363636364,0.7368421052631579,4
lithography,LASSO,0,0.3235294117647059,1.0,0.48888888888888893,4
lithography,LASSO,1,0.3235294117647059,1.0,0.48888888888888893,4
lithography,LASSO,2,0.3235294117647059,1.0,0.48888888888888893,4
lithography,LASSO,3,0.3235294117647059,1.0,0.48888888888888893,4
lithography,LASSO,4,0.3235294117647059,1.0,0.48888888888888893,4
lithography,LASSO,5,0.3235294117647059,1.0,0.48888888888888893,4
lithography,LASSO,6,0.3235294117647059,1.0,0.48888888888888893,4
lithography,LASSO,7,0.3235294117647059,1.0,0.48888888888888893,4
lithography,LASSO,8,0.3235294117647059,1.0,0.48888888888888893,4
lithography,LASSO,9,0.3235294117647059,1.0,0.48888888888888893,4
lithography,RFE,0,1.0,0.45454545454545453,0.625,1
lithography,RFE,1,0.8,0.36363636363636365,0.5000000000000001,2
lithography,RFE,2,0.8,0.36363636363636365,0.5000000000000001,1
lithography,RFE,3,1.0,0.45454545454545453,0.625,2
lithography,RFE,4,1.0,0.45454545454545453,0.625,1
lithography,RFE,5,0.8,0.36363636363636365,0.5000000000000001,2
lithography,RFE,6,0.75,0.2727272727272727,0.39999999999999997,1
lithography,RFE,7,0.75,0.2727272727272727,0.39999999999999997,1
lithography,RFE,8,0.8,0.36363636363636365,0.5000000000000001,2
lithography,RFE,9,1.0,0.45454545454545453,0.625,1
implantation,ALL,0,0.2558139534883721,1.0,0.40740740740740744,5
implantation,ALL,1,0.2558139534883721,1.0,0.40740740740740744,5
implantation,ALL,2,0.2558139534883721,1.0,0.40740740740740744,5
implantation,ALL,3,0.2558139534883721,1.0,0.40740740740740744,5
implantation,ALL,4,0.2558139534883721,1.0,0.40740740740740744,5
implantation,ALL,5,0.2558139534883721,1.0,0.40740740740740744,5
implantation,ALL,6,0.2558139534883721,1.0,0.40740740740740744,5
implantation,ALL,7,0.2558139534883721,1.0,0.40740740740740744,5
implantation,ALL,8,0.2558139534883721,1.0,0.40740740740740744,5
implantation,ALL,9,0.2558139534883721,1.0,0.40740740740740744,5
implantation,FILTER,0,0.2558139534883721,1.0,0.40740740740740744,0
implantation,FILTER,1,0.2558139534883721,1.0,0.40740740740740744,0
implantation,FILTER,2,0.2558139534883721,1.0,0.40740740740740744,0
implantation,FILTER,3,0.2558139534883721,1.0,0.40740740740740744,0
implantation,FILTER,4,0.2558139534883721,1.0,0.40740740740740744,0
implantation,FILTER,5,0.2558139534883721,1.0,0.40740740740740744,0
implantation,FILTER,6,0.2558139534883721,1.0,0.40740740740740744,0
implantation,FILTER,7,0.2558139534883721,1.0,0.40740740740740744,0
implantation,FILTER,8,0.2558139534883721,1.0,0.40740740740740744,0
implantation,FILTER,9,0.2558139534883721,1.0,0.40740740740740744,0
implantation,GA,0,0.36363636363636365,0.36363636363636365,0.36363636363636365,1
implantation,GA,1,0.6666666666666666,0.36363636363636365,0.4705882352941177,2
implantation,GA,2,0.375,0.2727272727272727,0.3157894736842105,0
implantation,GA,3,0.5555555555555556,0.45454545454545453,0.5,1
implantation,GA,4,0.5555555555555556,0.45454545454545453,0.5,1
implantation,GA,5,0.5,0.2727272727272727,0.3529411764705882,2
implantation,GA,6,0.5555555555555556,0.45454545454545453,0.5,0
implantation,GA,7,0.5555555555555556,0.45454545454545453,0.5,2
implantation,GA,8,0.7142857142857143,0.45454545454545453,0.5555555555555556,1
implantation,GA,9,0.6,0.5454545454545454,0.5714285714285713,0
implantation,TSFGA,0,0.4444444444444444,0.36363636363636365,0.39999999999999997,0
implantation,TSFGA,1,0.5714285714285714,0.36363636363636365,0.4444444444444444,0
implantation,TSFGA,2,0.7142857142857143,0.45454545454545453,0.5555555555555556,0
implantation,TSFGA,3,0.5714285714285714,0.36363636363636365,0.4444444444444444,0
implantation,TSFGA,4,0.6666666666666666,0.5454545454545454,0.6,0
implantation,TSFGA,5,0.5714285714285714,0.36363636363636365,0.4444444444444444,0
implantation,TSFGA,6,0.625,0.45454545454545453,0.5263157894736842,0
implantation,TSFGA,7,0.42857142857142855,0.2727272727272727,0.33333333333333326,0
implantation,TSFGA,8,0.6666666666666666,0.36363636363636365,0.4705882352941177,0
implantation,TSFGA,9,0.625,0.45454545454545453,0.5263157894736842,0
implantation,mRMR,0,0.5714285714285714,0.36363636363636365,0.4444444444444444,2
implantation,mRMR,1,0.5,0.36363636363636365,0.4210526315789474,3
implantation,mRMR,2,0.5555555555555556,0.45454545454545453,0.5,3
implantation,mRMR,3,0.5714285714285714,0.36363636363636365,0.4444444444444444,2
implantation,mRMR,4,0.5555555555555556,0.45454545454545453,0.5,3
implantation,mRMR,5,0.5714285714285714,0.36363636363636365,0.4444444444444444,2
implantation,mRMR,6,0.5714285714285714,0.36363636363636365,0.4444444444444444,2
implantation,mRMR,7,0.5714285714285714,0.36363636363636365,0.4444444444444444,2
implantation,mRMR,8,0.5714285714285714,0.36363636363636365,0.4444444444444444,2
implantation,mRMR,9,0.5714285714285714,0.36363636363636365,0.4444444444444444,2
implantation,MI,0,0.6,0.5454545454545454,0.5714285714285713,4
implantation,MI,1,1.0,0.36363636363636365,0.5333333333333333,4
implantation,MI,2,0.6363636363636364,0.6363636363636364,0.6363636363636364,4
implantation,MI,3,1.0,0.36363636363636365,0.5333333333333333,3
implantation,MI,4,1.0,0.45454545454545453,0.625,4
implantation,MI,5,1.0,0.45454545454545453,0.625,3
implantation,MI,6,1.0,0.2727272727272727,0.42857142857142855,1
implantation,MI,7,1.0,0.2727272727272727,0.42857142857142855,1
implantation,MI,8,0.6,0.5454545454545454,0.5714285714285713,4
implantation,MI,9,0.6,0.5454545454545454,0.5714285714285713,4
implantation,DDA,0,1.0,0.45454545454545453,0.625,4
implantation,DDA,1,0.5555555555555556,0.45454545454545453,0.5,3
implantation,DDA,2,0.75,0.5454545454545454,0.631578947368421,3
implantation,DDA,3,0.875,0.6363636363636364,0.7368421052631579,4
implantation,DDA,4,0.75,0.5454545454545454,0.631578947368421,3
implantation,DDA,5,0.625,0.45454545454545453,0.5263157894736842,2
implantation,DDA,6,0.8571428571428571,0.5454545454545454,0.6666666666666665,4
implantation,DDA,7,0.8888888888888888,0.7272727272727273,0.7999999999999999,3
implantation,DDA,8,0.6666666666666666,0.36363636363636365,0.4705882352941177,2
implantation,DDA,9,0.8333333333333334,0.45454545454545453,0.5882352941176471,2
implantation,PFI-SBS,0,0.8,0.36363636363636365,0.5000000000000001,3
implantation,PFI-SBS,1,0.8,0.36363636363636365,0.5000000000000001,1
implantation,PFI-SBS,2,0.8333333333333334,0.45454545454545453,0.5882352941176471,3
implantation,PFI-SBS,3,0.75,0.2727272727272727,0.39999999999999997,1
implantation,PFI-SBS,4,0.8,0.36363636363636365,0.5000000000000001,2
implantation,PFI-SBS,5,0.8,0.36363636363636365,0.5000000000000001,2
implantation,PFI-SBS,6,0.8,0.36363636363636365,0.5000000000000001,3
implantation,PFI-SBS,7,0.8333333333333334,0.45454545454545453,0.5882352941176471,3
implantation,PFI-SBS,8,0.8,0.36363636363636365,0.5000000000000001,2
implantation,PFI-SBS,9,0.8,0.36363636363636365,0.5000000000000001,1
implantation,BPSO,0,0.6,0.2727272727272727,0.37499999999999994,0
implantation,BPSO,1,0.8,0.36363636363636365,0.5000000000000001,0
implantation,BPSO,2,1.0,0.2727272727272727,0.42857142857142855,0
implantation,BPSO,3,0.8571428571428571,0.5454545454545454,0.6666666666666665,0
implantation,BPSO,4,0.6,0.2727272727272727,0.37499999999999994,0
implantation,BPSO,5,1.0,0.36363636363636365,0.5333333333333333,0
implantation,BPSO,6,0.6666666666666666,0.36363636363636365,0.4705882352941177,0
implantation,BPSO,7,0.5,0.2727272727272727,0.3529411764705882,0
implantation,BPSO,8,0.5714285714285714,0.36363636363636365,0.4444444444444444,0
implantation,BPSO,9,0.6,0.2727272727272727,0.37499999999999994,0
implantation,BGWO,0,1.0,0.36363636363636365,0.5333333333333333,0
implantation,BGWO,1,1.0,0.36363636363636365,0.5333333333333333,0
implantation,BGWO,2,1.0,0.36363636363636365,0.5333333333333333,0
implantation,BGWO,3,1.0,0.36363636363636365,0.5333333333333333,0
implantation,BGWO,4,1.0,0.36363636363636365,0.5333333333333333,0
implantation,BGWO,5,0.75,0.2727272727272727,0.39999999999999997,0
implantation,BGWO,6,0.75,0.2727272727272727,0.39999999999999997,0
implantation,BGWO,7,1.0,0.36363636363636365,0.5333333333333333,0
implantation,BGWO,8,0.75,0.2727272727272727,0.39999999999999997,0
implantation,BGWO,9,1.0,0.36363636363636365,0.5333333333333333,0
implantation,NSGA2,0,1.0,0.18181818181818182,0.3076923076923077,0
implantation,NSGA2,1,1.0,0.18181818181818182,0.3076923076923077,0
implantation,NSGA2,2,1.0,0.18181818181818182,0.3076923076923077,0
implantation,NSGA2,3,1.0,0.18181818181818182,0.3076923076923077,0
implantation,NSGA2,4,1.0,0.18181818181818182,0.3076923076923077,0
implantation,NSGA2,5,1.0,0.18181818181818182,0.3076923076923077,0
implantation,NSGA2,6,1.0,0.18181818181818182,0.3076923076923077,0
implantation,NSGA2,7,1.0,0.18181818181818182,0.3076923076923077,0
implantation,NSGA2,8,1.0,0.18181818181818182,0.3076923076923077,0
implantation,NSGA2,9,1.0,0.18181818181818182,0.3076923076923077,0
implantation,Boruta,0,0.8571428571428571,0.5454545454545454,0.6666666666666665,4
implantation,Boruta,1,0.8571428571428571,0.5454545454545454,0.6666666666666665,4
implantation,Boruta,2,0.8571428571428571,0.5454545454545454,0.6666666666666665,4
implantation,Boruta,3,0.75,0.5454545454545454,0.631578947368421,4
implantation,Boruta,4,0.8571428571428571,0.5454545454545454,0.6666666666666665,4
implantation,Boruta,5,0.8571428571428571,0.5454545454545454,0.6666666666666665,4
implantation,Boruta,6,0.8571428571428571,0.5454545454545454,0.6666666666666665,4
implantation,Boruta,7,0.6666666666666666,0.36363636363636365,0.4705882352941177,4
implantation,Boruta,8,0.75,0.5454545454545454,0.631578947368421,4
implantation,Boruta,9,0.8333333333333334,0.45454545454545453,0.5882352941176471,4
implantation,LASSO,0,0.3142857142857143,1.0,0.4782608695652174,5
implantation,LASSO,1,0.3142857142857143,1.0,0.4782608695652174,5
implantation,LASSO,2,0.3142857142857143,1.0,0.4782608695652174,5
implantation,LASSO,3,0.3142857142857143,1.0,0.4782608695652174,5
implantation,LASSO,4,0.3142857142857143,1.0,0.4782608695652174,5
implantation,LASSO,5,0.3142857142857143,1.0,0.4782608695652174,5
implantation,LASSO,6,0.3142857142857143,1.0,0.4782608695652174,5
implantation,LASSO,7,0.3142857142857143,1.0,0.4782608695652174,5
implantation,LASSO,8,0.3142857142857143,1.0,0.4782608695652174,5
implantation,LASSO,9,0.3142857142857143,1.0,0.4782608695652174,5
implantation,RFE,0,0.75,0.2727272727272727,0.39999999999999997,2
implantation,RFE,1,0.75,0.2727272727272727,0.39999999999999997,2
implantation,RFE,2,0.75,0.2727272727272727,0.39999999999999997,2
implantation,RFE,3,0.8,0.36363636363636365,0.5000000000000001,2
implantation,RFE,4,0.75,0.2727272727272727,0.39999999999999997,2
implantation,RFE,5,0.75,0.2727272727272727,0.39999999999999997,2
implantation,RFE,6,0.75,0.2727272727272727,0.39999999999999997,2
implantation,RFE,7,0.75,0.2727272727272727,0.39999999999999997,2
implantation,RFE,8,0.75,0.2727272727272727,0.39999999999999997,2
implantation,RFE,9,0.75,0.2727272727272727,0.39999999999999997,2
etching,ALL,0,0.2558139534883721,1.0,0.40740740740740744,5
etching,ALL,1,0.2558139534883721,1.0,0.40740740740740744,5
etching,ALL,2,0.2558139534883721,1.0,0.40740740740740744,5
etching,ALL,3,0.2558139534883721,1.0,0.40740740740740744,5
etching,ALL,4,0.2558139534883721,1.0,0.40740740740740744,5
etching,ALL,5,0.2558139534883721,1.0,0.40740740740740744,5
etching,ALL,6,0.2558139534883721,1.0,0.40740740740740744,5
etching,ALL,7,0.2558139534883721,1.0,0.40740740740740744,5
etching,ALL,8,0.2558139534883721,1.0,0.40740740740740744,5
etching,ALL,9,0.2558139534883721,1.0,0.40740740740740744,5
etching,FILTER,0,0.2558139534883721,1.0,0.40740740740740744,0
etching,FILTER,1,0.2558139534883721,1.0,0.40740740740740744,0
etching,FILTER,2,0.2558139534883721,1.0,0.40740740740740744,0
etching,FILTER,3,0.2558139534883721,1.0,0.40740740740740744,0
etching,FILTER,4,0.2558139534883721,1.0,0.40740740740740744,0
etching,FILTER,5,0.2558139534883721,1.0,0.40740740740740744,0
etching,FILTER,6,0.2558139534883721,1.0,0.40740740740740744,0
etching,FILTER,7,0.2558139534883721,1.0,0.40740740740740744,0
etching,FILTER,8,0.2558139534883721,1.0,0.40740740740740744,0
etching,FILTER,9,0.2558139534883721,1.0,0.40740740740740744,0
etching,GA,0,0.8,0.36363636363636365,0.5000000000000001,1
etching,GA,1,0.75,0.5454545454545454,0.631578947368421,1
etching,GA,2,0.6363636363636364,0.6363636363636364,0.6363636363636364,0
etching,GA,3,0.7142857142857143,0.45454545454545453,0.5555555555555556,1
etching,GA,4,0.6666666666666666,0.5454545454545454,0.6,0
etching,GA,5,0.7,0.6363636363636364,0.6666666666666666,0
etching,GA,6,0.75,0.5454545454545454,0.631578947368421,1
etching,GA,7,0.5,0.45454545454545453,0.47619047619047616,0
etching,GA,8,0.7142857142857143,0.45454545454545453,0.5555555555555556,0
etching,GA,9,0.6363636363636364,0.6363636363636364,0.6363636363636364,1
etching,TSFGA,0,0.5714285714285714,0.36363636363636365,0.4444444444444444,0
etching,TSFGA,1,0.42857142857142855,0.2727272727272727,0.33333333333333326,0
etching,TSFGA,2,0.5,0.2727272727272727,0.3529411764705882,0
etching,TSFGA,3,0.5714285714285714,0.36363636363636365,0.4444444444444444,0
etching,TSFGA,4,0.5,0.2727272727272727,0.3529411764705882,0
etching,TSFGA,5,0.7142857142857143,0.45454545454545453,0.5555555555555556,0
etching,TSFGA,6,0.6666666666666666,0.5454545454545454,0.6,0
etching,TSFGA,7,1.0,0.36363636363636365,0.5333333333333333,0
etching,TSFGA,8,0.5,0.2727272727272727,0.3529411764705882,0
etching,TSFGA,9,0.6666666666666666,0.36363636363636365,0.4705882352941177,0
etching,mRMR,0,0.75,0.2727272727272727,0.39999999999999997,0
etching,mRMR,1,0.75,0.2727272727272727,0.39999999999999997,0
etching,mRMR,2,0.75,0.2727272727272727,0.39999999999999997,0
etching,mRMR,3,0.75,0.2727272727272727,0.39999999999999997,0
etching,mRMR,4,0.5,0.2727272727272727,0.3529411764705882,1
etching,mRMR,5,0.75,0.2727272727272727,0.39999999999999997,0
etching,mRMR,6,0.75,0.2727272727272727,0.39999999999999997,0
etching,mRMR,7,0.75,0.2727272727272727,0.39999999999999997,0
etching,mRMR,8,0.75,0.2727272727272727,0.39999999999999997,0
etching,mRMR,9,0.75,0.2727272727272727,0.39999999999999997,0
etching,MI,0,0.8333333333333334,0.45454545454545453,0.5882352941176471,3
etching,MI,1,1.0,0.45454545454545453,0.625,3
etching,MI,2,0.7142857142857143,0.45454545454545453,0.5555555555555556,3
etching,MI,3,1.0,0.45454545454545453,0.625,3
etching,MI,4,0.8333333333333334,0.45454545454545453,0.5882352941176471,3
etching,MI,5,0.7142857142857143,0.45454545454545453,0.5555555555555556,3
etching,MI,6,1.0,0.45454545454545453,0.625,3
etching,MI,7,1.0,0.45454545454545453,0.625,3
etching,MI,8,1.0,0.45454545454545453,0.625,3
etching,MI,9,0.8333333333333334,0.45454545454545453,0.5882352941176471,3
etching,DDA,0,0.875,0.6363636363636364,0.7368421052631579,4
etching,DDA,1,1.0,0.5454545454545454,0.7058823529411764,3
etching,DDA,2,0.875,0.6363636363636364,0.7368421052631579,4
etching,DDA,3,0.875,0.6363636363636364,0.7368421052631579,2
etching,DDA,4,0.8571428571428571,0.5454545454545454,0.6666666666666665,3
etching,DDA,5,0.8333333333333334,0.45454545454545453,0.5882352941176471,2
etching,DDA,6,1.0,0.6363636363636364,0.7777777777777778,3
etching,DDA,7,0.8571428571428571,0.5454545454545454,0.6666666666666665,3
etching,DDA,8,1.0,0.5454545454545454,0.7058823529411764,2
etching,DDA,9,0.7777777777777778,0.6363636363636364,0.7000000000000001,2
etching,PFI-SBS,0,0.8,0.36363636363636365,0.5000000000000001,2
etching,PFI-SBS,1,0.75,0.2727272727272727,0.39999999999999997,1
etching,PFI-SBS,2,0.75,0.5454545454545454,0.631578947368421,3
etching,PFI-SBS,3,0.7777777777777778,0.6363636363636364,0.7000000000000001,3
etching,PFI-SBS,4,0.8,0.36363636363636365,0.5000000000000001,2
etching,PFI-SBS,5,0.8,0.36363636363636365,0.5000000000000001,2
etching,PFI-SBS,6,0.75,0.2727272727272727,0.39999999999999997,1
etching,PFI-SBS,7,0.75,0.5454545454545454,0.631578947368421,2
etching,PFI-SBS,8,0.8333333333333334,0.45454545454545453,0.5882352941176471,2
etching,PFI-SBS,9,0.7777777777777778,0.6363636363636364,0.7000000000000001,2
etching,BPSO,0,0.5,0.18181818181818182,0.26666666666666666,0
etching,BPSO,1,0.8333333333333334,0.45454545454545453,0.5882352941176471,0
etching,BPSO,2,0.6666666666666666,0.36363636363636365,0.4705882352941177,0
etching,BPSO,3,0.42857142857142855,0.2727272727272727,0.33333333333333326,0
etching,BPSO,4,0.8333333333333334,0.45454545454545453,0.5882352941176471,0
etching,BPSO,5,0.8333333333333334,0.45454545454545453,0.5882352941176471,0
etching,BPSO,6,0.8,0.36363636363636365,0.5000000000000001,0
etching,BPSO,7,0.6666666666666666,0.36363636363636365,0.4705882352941177,0
etching,BPSO,8,0.6,0.2727272727272727,0.37499999999999994,0
etching,BPSO,9,0.8,0.36363636363636365,0.5000000000000001,0
etching,BGWO,0,1.0,0.36363636363636365,0.5333333333333333,0
etching,BGWO,1,1.0,0.36363636363636365,0.5333333333333333,0
etching,BGWO,2,1.0,0.36363636363636365,0.5333333333333333,0
etching,BGWO,3,1.0,0.36363636363636365,0.5333333333333333,0
etching,BGWO,4,0.75,0.2727272727272727,0.39999999999999997,0
etching,BGWO,5,1.0,0.36363636363636365,0.5333333333333333,0
etching,BGWO,6,1.0,0.36363636363636365,0.5333333333333333,0
etching,BGWO,7,1.0,0.36363636363636365,0.5333333333333333,0
etching,BGWO,8,1.0,0.36363636363636365,0.5333333333333333,0
etching,BGWO,9,1.0,0.36363636363636365,0.5333333333333333,0
etching,NSGA2,0,1.0,0.18181818181818182,0.3076923076923077,0
etching,NSGA2,1,1.0,0.18181818181818182,0.3076923076923077,0
etching,NSGA2,2,1.0,0.18181818181818182,0.3076923076923077,0
etching,NSGA2,3,1.0,0.18181818181818182,0.3076923076923077,0
etching,NSGA2,4,1.0,0.18181818181818182,0.3076923076923077,0
etching,NSGA2,5,1.0,0.18181818181818182,0.3076923076923077,0
etching,NSGA2,6,1.0,0.18181818181818182,0.3076923076923077,0
etching,NSGA2,7,1.0,0.18181818181818182,0.3076923076923077,0
etching,NSGA2,8,1.0,0.18181818181818182,0.3076923076923077,0
etching,NSGA2,9,1.0,0.18181818181818182,0.3076923076923077,0
etching,Boruta,0,0.8571428571428571,0.5454545454545454,0.6666666666666665,4
etching,Boruta,1,0.8571428571428571,0.5454545454545454,0.6666666666666665,4
etching,Boruta,2,0.8571428571428571,0.5454545454545454,0.6666666666666665,4
etching,Boruta,3,0.875,0.6363636363636364,0.7368421052631579,5
etching,Boruta,4,0.8571428571428571,0.5454545454545454,0.6666666666666665,4
etching,Boruta,5,0.75,0.5454545454545454,0.631578947368421,5
etching,Boruta,6,0.8571428571428571,0.5454545454545454,0.6666666666666665,4
etching,Boruta,7,0.8571428571428571,0.5454545454545454,0.6666666666666665,4
etching,Boruta,8,0.75,0.5454545454545454,0.631578947368421,4
etching,Boruta,9,0.8571428571428571,0.5454545454545454,0.6666666666666665,4
etching,LASSO,0,0.2682926829268293,1.0,0.4230769230769231,4
etching,LASSO,1,0.2682926829268293,1.0,0.4230769230769231,4
etching,LASSO,2,0.2682926829268293,1.0,0.4230769230769231,4
etching,LASSO,3,0.2682926829268293,1.0,0.4230769230769231,4
etching,LASSO,4,0.2682926829268293,1.0,0.4230769230769231,4
etching,LASSO,5,0.2682926829268293,1.0,0.4230769230769231,4
etching,LASSO,6,0.2682926829268293,1.0,0.4230769230769231,4
etching,LASSO,7,0.2682926829268293,1.0,0.4230769230769231,4
etching,LASSO,8,0.2682926829268293,1.0,0.4230769230769231,4
etching,LASSO,9,0.2682926829268293,1.0,0.4230769230769231,4
etching,RFE,0,0.8333333333333334,0.45454545454545453,0.5882352941176471,3
etching,RFE,1,0.8333333333333334,0.45454545454545453,0.5882352941176471,3
etching,RFE,2,0.8333333333333334,0.45454545454545453,0.5882352941176471,3
etching,RFE,3,0.8333333333333334,0.45454545454545453,0.5882352941176471,3
etching,RFE,4,0.8333333333333334,0.45454545454545453,0.5882352941176471,3
etching,RFE,5,0.8333333333333334,0.45454545454545453,0.5882352941176471,2
etching,RFE,6,0.8333333333333334,0.45454545454545453,0.5882352941176471,3
etching,RFE,7,0.8333333333333334,0.45454545454545453,0.5882352941176471,3
etching,RFE,8,0.8333333333333334,0.45454545454545453,0.5882352941176471,3
etching,RFE,9,0.75,0.5454545454545454,0.631578947368421,3
metalization,ALL,0,0.2558139534883721,1.0,0.40740740740740744,5
metalization,ALL,1,0.2558139534883721,1.0,0.40740740740740744,5
metalization,ALL,2,0.2558139534883721,1.0,0.40740740740740744,5
metalization,ALL,3,0.2558139534883721,1.0,0.40740740740740744,5
metalization,ALL,4,0.2558139534883721,1.0,0.40740740740740744,5
metalization,ALL,5,0.2558139534883721,1.0,0.40740740740740744,5
metalization,ALL,6,0.2558139534883721,1.0,0.40740740740740744,5
metalization,ALL,7,0.2558139534883721,1.0,0.40740740740740744,5
metalization,ALL,8,0.2558139534883721,1.0,0.40740740740740744,5
metalization,ALL,9,0.2558139534883721,1.0,0.40740740740740744,5
metalization,FILTER,0,0.2558139534883721,1.0,0.40740740740740744,0
metalization,FILTER,1,0.2558139534883721,1.0,0.40740740740740744,0
metalization,FILTER,2,0.2558139534883721,1.0,0.40740740740740744,0
metalization,FILTER,3,0.2558139534883721,1.0,0.40740740740740744,0
metalization,FILTER,4,0.2558139534883721,1.0,0.40740740740740744,0
metalization,FILTER,5,0.2558139534883721,1.0,0.40740740740740744,0
metalization,FILTER,6,0.2558139534883721,1.0,0.40740740740740744,0
metalization,FILTER,7,0.2558139534883721,1.0,0.40740740740740744,0
metalization,FILTER,8,0.2558139534883721,1.0,0.40740740740740744,0
metalization,FILTER,9,0.2558139534883721,1.0,0.40740740740740744,0
metalization,GA,0,0.7777777777777778,0.6363636363636364,0.7000000000000001,0
metalization,GA,1,0.625,0.45454545454545453,0.5263157894736842,1
metalization,GA,2,0.4444444444444444,0.36363636363636365,0.39999999999999997,0
metalization,GA,3,0.7142857142857143,0.45454545454545453,0.5555555555555556,1
metalization,GA,4,0.45454545454545453,0.45454545454545453,0.45454545454545453,1
metalization,GA,5,0.5555555555555556,0.45454545454545453,0.5,0
metalization,GA,6,0.5454545454545454,0.5454545454545454,0.5454545454545454,1
metalization,GA,7,0.8,0.36363636363636365,0.5000000000000001,0
metalization,GA,8,0.5,0.36363636363636365,0.4210526315789474,0
metalization,GA,9,0.5,0.45454545454545453,0.47619047619047616,1
metalization,TSFGA,0,0.8333333333333334,0.45454545454545453,0.5882352941176471,0
metalization,TSFGA,1,0.375,0.2727272727272727,0.3157894736842105,0
metalization,TSFGA,2,0.5,0.2727272727272727,0.3529411764705882,0
metalization,TSFGA,3,0.5714285714285714,0.36363636363636365,0.4444444444444444,0
metalization,TSFGA,4,0.6,0.2727272727272727,0.37499999999999994,0
metalization,TSFGA,5,0.5714285714285714,0.36363636363636365,0.4444444444444444,0
metalization,TSFGA,6,0.5,0.36363636363636365,0.4210526315789474,0
metalization,TSFGA,7,0.625,0.45454545454545453,0.5263157894736842,0
metalization,TSFGA,8,0.625,0.45454545454545453,0.5263157894736842,0
metalization,TSFGA,9,0.5555555555555556,0.45454545454545453,0.5,0
metalization,mRMR,0,0.8571428571428571,0.5454545454545454,0.6666666666666665,2
metalization,mRMR,1,0.8571428571428571,0.5454545454545454,0.6666666666666665,2
metalization,mRMR,2,0.8571428571428571,0.5454545454545454,0.6666666666666665,2
metalization,mRMR,3,0.75,0.5454545454545454,0.631578947368421,2
metalization,mRMR,4,0.8571428571428571,0.5454545454545454,0.6666666666666665,2
metalization,mRMR,5,0.75,0.5454545454545454,0.631578947368421,2
metalization,mRMR,6,0.8571428571428571,0.5454545454545454,0.6666666666666665,2
metalization,mRMR,7,0.8571428571428571,0.5454545454545454,0.6666666666666665,2
metalization,mRMR,8,0.7777777777777778,0.6363636363636364,0.7000000000000001,4
metalization,mRMR,9,0.8571428571428571,0.5454545454545454,0.6666666666666665,2
metalization,MI,0,1.0,0.36363636363636365,0.5333333333333333,4
metalization,MI,1,1.0,0.36363636363636365,0.5333333333333333,4
metalization,MI,2,1.0,0.36363636363636365,0.5333333333333333,4
metalization,MI,3,1.0,0.45454545454545453,0.625,4
metalization,MI,4,1.0,0.36363636363636365,0.5333333333333333,4
metalization,MI,5,1.0,0.36363636363636365,0.5333333333333333,4
metalization,MI,6,1.0,0.36363636363636365,0.5333333333333333,3
metalization,MI,7,1.0,0.36363636363636365,0.5333333333333333,3
metalization,MI,8,1.0,0.36363636363636365,0.5333333333333333,4
metalization,MI,9,1.0,0.36363636363636365,0.5333333333333333,4
metalization,DDA,0,0.75,0.5454545454545454,0.631578947368421,2
metalization,DDA,1,0.75,0.5454545454545454,0.631578947368421,1
metalization,DDA,2,1.0,0.45454545454545453,0.625,1
metalization,DDA,3,0.7142857142857143,0.45454545454545453,0.5555555555555556,2
metalization,DDA,4,0.8333333333333334,0.45454545454545453,0.5882352941176471,1
metalization,DDA,5,1.0,0.5454545454545454,0.7058823529411764,2
metalization,DDA,6,1.0,0.5454545454545454,0.7058823529411764,2
metalization,DDA,7,0.8333333333333334,0.45454545454545453,0.5882352941176471,2
metalization,DDA,8,0.8571428571428571,0.5454545454545454,0.6666666666666665,3
metalization,DDA,9,0.8333333333333334,0.45454545454545453,0.5882352941176471,2
metalization,PFI-SBS,0,1.0,0.45454545454545453,0.625,2
metalization,PFI-SBS,1,1.0,0.45454545454545453,0.625,2
metalization,PFI-SBS,2,1.0,0.45454545454545453,0.625,2
metalization,PFI-SBS,3,1.0,0.45454545454545453,0.625,3
metalization,PFI-SBS,4,1.0,0.45454545454545453,0.625,2
metalization,PFI-SBS,5,1.0,0.45454545454545453,0.625,3
metalization,PFI-SBS,6,1.0,0.45454545454545453,0.625,2
metalization,PFI-SBS,7,1.0,0.45454545454545453,0.625,2
metalization,PFI-SBS,8,1.0,0.45454545454545453,0.625,3
metalization,PFI-SBS,9,1.0,0.45454545454545453,0.625,4
metalization,BPSO,0,0.7142857142857143,0.45454545454545453,0.5555555555555556,0
metalization,BPSO,1,0.8333333333333334,0.45454545454545453,0.5882352941176471,0
metalization,BPSO,2,0.8333333333333334,0.45454545454545453,0.5882352941176471,0
metalization,BPSO,3,0.8,0.36363636363636365,0.5000000000000001,0
metalization,BPSO,4,0.7142857142857143,0.45454545454545453,0.5555555555555556,0
metalization,BPSO,5,0.8333333333333334,0.45454545454545453,0.5882352941176471,0
metalization,BPSO,6,0.75,0.2727272727272727,0.39999999999999997,0
metalization,BPSO,7,0.8,0.36363636363636365,0.5000000000000001,0
metalization,BPSO,8,0.6666666666666666,0.36363636363636365,0.4705882352941177,0
metalization,BPSO,9,0.8333333333333334,0.45454545454545453,0.5882352941176471,0
metalization,BGWO,0,1.0,0.36363636363636365,0.5333333333333333,0
metalization,BGWO,1,1.0,0.2727272727272727,0.42857142857142855,0
metalization,BGWO,2,1.0,0.36363636363636365,0.5333333333333333,0
metalization,BGWO,3,1.0,0.36363636363636365,0.5333333333333333,0
metalization,BGWO,4,1.0,0.2727272727272727,0.42857142857142855,0
metalization,BGWO,5,1.0,0.36363636363636365,0.5333333333333333,0
metalization,BGWO,6,1.0,0.36363636363636365,0.5333333333333333,0
metalization,BGWO,7,1.0,0.2727272727272727,0.42857142857142855,0
metalization,BGWO,8,1.0,0.36363636363636365,0.5333333333333333,0
metalization,BGWO,9,1.0,0.36363636363636365,0.5333333333333333,0
metalization,NSGA2,0,1.0,0.18181818181818182,0.3076923076923077,0
metalization,NSGA2,1,1.0,0.18181818181818182,0.3076923076923077,0
metalization,NSGA2,2,1.0,0.18181818181818182,0.3076923076923077,0
metalization,NSGA2,3,1.0,0.18181818181818182,0.3076923076923077,0
metalization,NSGA2,4,1.0,0.18181818181818182,0.3076923076923077,0
metalization,NSGA2,5,1.0,0.18181818181818182,0.3076923076923077,0
metalization,NSGA2,6,1.0,0.18181818181818182,0.3076923076923077,0
metalization,NSGA2,7,1.0,0.18181818181818182,0.3076923076923077,0
metalization,NSGA2,8,1.0,0.18181818181818182,0.3076923076923077,0
metalization,NSGA2,9,1.0,0.18181818181818182,0.3076923076923077,0
metalization,Boruta,0,0.8,0.36363636363636365,0.5000000000000001,4
metalization,Boruta,1,0.8,0.36363636363636365,0.5000000000000001,4
metalization,Boruta,2,0.8,0.36363636363636365,0.5000000000000001,4
metalization,Boruta,3,1.0,0.45454545454545453,0.625,4
metalization,Boruta,4,1.0,0.45454545454545453,0.625,4
metalization,Boruta,5,1.0,0.45454545454545453,0.625,4
metalization,Boruta,6,1.0,0.45454545454545453,0.625,4
metalization,Boruta,7,1.0,0.45454545454545453,0.625,4
metalization,Boruta,8,1.0,0.36363636363636365,0.5333333333333333,4
metalization,Boruta,9,1.0,0.5454545454545454,0.7058823529411764,4
metalization,LASSO,0,0.23809523809523808,0.9090909090909091,0.3773584905660377,3
metalization,LASSO,1,0.23809523809523808,0.9090909090909091,0.3773584905660377,3
metalization,LASSO,2,0.23809523809523808,0.9090909090909091,0.3773584905660377,3
metalization,LASSO,3,0.23809523809523808,0.9090909090909091,0.3773584905660377,3
metalization,LASSO,4,0.23809523809523808,0.9090909090909091,0.3773584905660377,3
metalization,LASSO,5,0.23809523809523808,0.9090909090909091,0.3773584905660377,3
metalization,LASSO,6,0.23809523809523808,0.9090909090909091,0.3773584905660377,3
metalization,LASSO,7,0.23809523809523808,0.9090909090909091,0.3773584905660377,3
metalization,LASSO,8,0.23809523809523808,0.9090909090909091,0.3773584905660377,3
metalization,LASSO,9,0.23809523809523808,0.9090909090909091,0.3773584905660377,3
metalization,RFE,0,1.0,0.36363636363636365,0.5333333333333333,2
metalization,RFE,1,1.0,0.45454545454545453,0.625,3
metalization,RFE,2,1.0,0.45454545454545453,0.625,3
metalization,RFE,3,1.0,0.45454545454545453,0.625,3
metalization,RFE,4,1.0,0.45454545454545453,0.625,3
metalization,RFE,5,1.0,0.45454545454545453,0.625,3
metalization,RFE,6,1.0,0.45454545454545453,0.625,3
metalization,RFE,7,1.0,0.45454545454545453,0.625,3
metalization,RFE,8,1.0,0.45454545454545453,0.625,3
metalization,RFE,9,1.0,0.45454545454545453,0.625,3
deposition,ALL,0,0.2558139534883721,1.0,0.40740740740740744,5
deposition,ALL,1,0.2558139534883721,1.0,0.40740740740740744,5
deposition,ALL,2,0.2558139534883721,1.0,0.40740740740740744,5
deposition,ALL,3,0.2558139534883721,1.0,0.40740740740740744,5
deposition,ALL,4,0.2558139534883721,1.0,0.40740740740740744,5
deposition,ALL,5,0.2558139534883721,1.0,0.40740740740740744,5
deposition,ALL,6,0.2558139534883721,1.0,0.40740740740740744,5
deposition,ALL,7,0.2558139534883721,1.0,0.40740740740740744,5
deposition,ALL,8,0.2558139534883721,1.0,0.40740740740740744,5
deposition,ALL,9,0.2558139534883721,1.0,0.40740740740740744,5
deposition,FILTER,0,0.2558139534883721,1.0,0.40740740740740744,0
deposition,FILTER,1,0.2558139534883721,1.0,0.40740740740740744,0
deposition,FILTER,2,0.2558139534883721,1.0,0.40740740740740744,0
deposition,FILTER,3,0.2558139534883721,1.0,0.40740740740740744,0
deposition,FILTER,4,0.2558139534883721,1.0,0.40740740740740744,0
deposition,FILTER,5,0.2558139534883721,1.0,0.40740740740740744,0
deposition,FILTER,6,0.2558139534883721,1.0,0.40740740740740744,0
deposition,FILTER,7,0.2558139534883721,1.0,0.40740740740740744,0
deposition,FILTER,8,0.2558139534883721,1.0,0.40740740740740744,0
deposition,FILTER,9,0.2558139534883721,1.0,0.40740740740740744,0
deposition,GA,0,0.7777777777777778,0.6363636363636364,0.7000000000000001,0
deposition,GA,1,0.6,0.5454545454545454,0.5714285714285713,1
deposition,GA,2,0.4444444444444444,0.36363636363636365,0.39999999999999997,0
deposition,GA,3,0.5714285714285714,0.36363636363636365,0.4444444444444444,2
deposition,GA,4,0.5714285714285714,0.36363636363636365,0.4444444444444444,0
deposition,GA,5,0.5,0.36363636363636365,0.4210526315789474,2
deposition,GA,6,0.6666666666666666,0.36363636363636365,0.4705882352941177,2
deposition,GA,7,0.5,0.36363636363636365,0.4210526315789474,0
deposition,GA,8,0.42857142857142855,0.2727272727272727,0.33333333333333326,1
deposition,GA,9,0.7142857142857143,0.45454545454545453,0.5555555555555556,2
deposition,TSFGA,0,0.5555555555555556,0.45454545454545453,0.5,0
deposition,TSFGA,1,0.75,0.5454545454545454,0.631578947368421,0
deposition,TSFGA,2,0.375,0.2727272727272727,0.3157894736842105,0
deposition,TSFGA,3,0.4444444444444444,0.36363636363636365,0.39999999999999997,0
deposition,TSFGA,4,0.625,0.45454545454545453,0.5263157894736842,0
deposition,TSFGA,5,0.625,0.45454545454545453,0.5263157894736842,0
deposition,TSFGA,6,0.42857142857142855,0.2727272727272727,0.33333333333333326,0
deposition,TSFGA,7,0.5714285714285714,0.36363636363636365,0.4444444444444444,0
deposition,TSFGA,8,0.6,0.2727272727272727,0.37499999999999994,0
deposition,TSFGA,9,0.5555555555555556,0.45454545454545453,0.5,0
deposition,mRMR,0,0.6,0.5454545454545454,0.5714285714285713,2
deposition,mRMR,1,0.6363636363636364,0.6363636363636364,0.6363636363636364,3
deposition,mRMR,2,0.7142857142857143,0.45454545454545453,0.5555555555555556,2
deposition,mRMR,3,0.7142857142857143,0.45454545454545453,0.5555555555555556,2
deposition,mRMR,4,0.6363636363636364,0.6363636363636364,0.6363636363636364,3
deposition,mRMR,5,0.7142857142857143,0.45454545454545453,0.5555555555555556,2
deposition,mRMR,6,0.7142857142857143,0.45454545454545453,0.5555555555555556,2
deposition,mRMR,7,0.6666666666666666,0.5454545454545454,0.6,2
deposition,mRMR,8,0.7142857142857143,0.45454545454545453,0.5555555555555556,2
deposition,mRMR,9,0.7142857142857143,0.45454545454545453,0.5555555555555556,2
deposition,MI,0,0.8571428571428571,0.5454545454545454,0.6666666666666665,4
deposition,MI,1,0.8571428571428571,0.5454545454545454,0.6666666666666665,4
deposition,MI,2,0.8571428571428571,0.5454545454545454,0.6666666666666665,4
deposition,MI,3,0.8571428571428571,0.5454545454545454,0.6666666666666665,4
deposition,MI,4,1.0,0.5454545454545454,0.7058823529411764,4
deposition,MI,5,1.0,0.5454545454545454,0.7058823529411764,4
deposition,MI,6,0.8571428571428571,0.5454545454545454,0.6666666666666665,4
deposition,MI,7,0.8571428571428571,0.5454545454545454,0.6666666666666665,4
deposition,MI,8,0.8571428571428571,0.5454545454545454,0.6666666666666665,4
deposition,MI,9,0.8571428571428571,0.5454545454545454,0.6666666666666665,4
deposition,DDA,0,0.8333333333333334,0.45454545454545453,0.5882352941176471,3
deposition,DDA,1,0.75,0.5454545454545454,0.631578947368421,4
deposition,DDA,2,0.8333333333333334,0.45454545454545453,0.5882352941176471,4
deposition,DDA,3,0.8333333333333334,0.45454545454545453,0.5882352941176471,4
deposition,DDA,4,0.7142857142857143,0.45454545454545453,0.5555555555555556,4
deposition,DDA,5,0.8571428571428571,0.5454545454545454,0.6666666666666665,2
deposition,DDA,6,1.0,0.5454545454545454,0.7058823529411764,2
deposition,DDA,7,1.0,0.6363636363636364,0.7777777777777778,4
deposition,DDA,8,0.8333333333333334,0.45454545454545453,0.5882352941176471,4
deposition,DDA,9,0.875,0.6363636363636364,0.7368421052631579,3
deposition,PFI-SBS,0,1.0,0.45454545454545453,0.625,2
deposition,PFI-SBS,1,0.8333333333333334,0.45454545454545453,0.5882352941176471,4
deposition,PFI-SBS,2,0.8571428571428571,0.5454545454545454,0.6666666666666665,4
deposition,PFI-SBS,3,0.8571428571428571,0.5454545454545454,0.6666666666666665,4
deposition,PFI-SBS,4,1.0,0.45454545454545453,0.625,2
deposition,PFI-SBS,5,1.0,0.45454545454545453,0.625,2
deposition,PFI-SBS,6,0.8571428571428571,0.5454545454545454,0.6666666666666665,4
deposition,PFI-SBS,7,1.0,0.45454545454545453,0.625,4
deposition,PFI-SBS,8,0.8571428571428571,0.5454545454545454,0.6666666666666665,4
deposition,PFI-SBS,9,0.8888888888888888,0.7272727272727273,0.7999999999999999,4
deposition,BPSO,0,0.8,0.36363636363636365,0.5000000000000001,0
deposition,BPSO,1,0.8,0.36363636363636365,0.5000000000000001,0
deposition,BPSO,2,0.8,0.36363636363636365,0.5000000000000001,0
deposition,BPSO,3,1.0,0.5454545454545454,0.7058823529411764,0
deposition,BPSO,4,0.6666666666666666,0.36363636363636365,0.4705882352941177,0
deposition,BPSO,5,0.75,0.2727272727272727,0.39999999999999997,0
deposition,BPSO,6,0.625,0.45454545454545453,0.5263157894736842,0
deposition,BPSO,7,0.6,0.2727272727272727,0.37499999999999994,0
deposition,BPSO,8,0.7142857142857143,0.45454545454545453,0.5555555555555556,0
deposition,BPSO,9,0.8,0.36363636363636365,0.5000000000000001,0
deposition,BGWO,0,1.0,0.36363636363636365,0.5333333333333333,0
deposition,BGWO,1,1.0,0.36363636363636365,0.5333333333333333,0
deposition,BGWO,2,1.0,0.36363636363636365,0.5333333333333333,0
deposition,BGWO,3,1.0,0.36363636363636365,0.5333333333333333,0
deposition,BGWO,4,1.0,0.36363636363636365,0.5333333333333333,0
deposition,BGWO,5,1.0,0.36363636363636365,0.5333333333333333,0
deposition,BGWO,6,1.0,0.36363636363636365,0.5333333333333333,0
deposition,BGWO,7,1.0,0.36363636363636365,0.5333333333333333,0
deposition,BGWO,8,1.0,0.36363636363636365,0.5333333333333333,0
deposition,BGWO,9,1.0,0.36363636363636365,0.5333333333333333,0
deposition,NSGA2,0,1.0,0.18181818181818182,0.3076923076923077,0
deposition,NSGA2,1,1.0,0.18181818181818182,0.3076923076923077,0
deposition,NSGA2,2,1.0,0.18181818181818182,0.3076923076923077,0
deposition,NSGA2,3,1.0,0.18181818181818182,0.3076923076923077,0
deposition,NSGA2,4,1.0,0.18181818181818182,0.3076923076923077,0
deposition,NSGA2,5,1.0,0.18181818181818182,0.3076923076923077,0
deposition,NSGA2,6,1.0,0.18181818181818182,0.3076923076923077,0
deposition,NSGA2,7,1.0,0.18181818181818182,0.3076923076923077,0
deposition,NSGA2,8,1.0,0.18181818181818182,0.3076923076923077,0
deposition,NSGA2,9,1.0,0.18181818181818182,0.3076923076923077,0
deposition,Boruta,0,0.6666666666666666,0.36363636363636365,0.4705882352941177,4
deposition,Boruta,1,0.6666666666666666,0.36363636363636365,0.4705882352941177,4
deposition,Boruta,2,0.6666666666666666,0.36363636363636365,0.4705882352941177,4
deposition,Boruta,3,0.6666666666666666,0.36363636363636365,0.4705882352941177,4
deposition,Boruta,4,0.6666666666666666,0.36363636363636365,0.4705882352941177,4
deposition,Boruta,5,0.6666666666666666,0.36363636363636365,0.4705882352941177,4
deposition,Boruta,6,1.0,0.45454545454545453,0.625,4
deposition,Boruta,7,0.8,0.36363636363636365,0.5000000000000001,4
deposition,Boruta,8,0.6666666666666666,0.36363636363636365,0.4705882352941177,4
deposition,Boruta,9,0.6666666666666666,0.36363636363636365,0.4705882352941177,4
deposition,LASSO,0,0.3235294117647059,1.0,0.48888888888888893,3
deposition,LASSO,1,0.3235294117647059,1.0,0.48888888888888893,3
deposition,LASSO,2,0.3235294117647059,1.0,0.48888888888888893,3
deposition,LASSO,3,0.3235294117647059,1.0,0.48888888888888893,3
deposition,LASSO,4,0.3235294117647059,1.0,0.48888888888888893,3
deposition,LASSO,5,0.3235294117647059,1.0,0.48888888888888893,3
deposition,LASSO,6,0.3235294117647059,1.0,0.48888888888888893,3
deposition,LASSO,7,0.3235294117647059,1.0,0.48888888888888893,3
deposition,LASSO,8,0.3235294117647059,1.0,0.48888888888888893,3
deposition,LASSO,9,0.3235294117647059,1.0,0.48888888888888893,3
deposition,RFE,0,1.0,0.45454545454545453,0.625,2
deposition,RFE,1,1.0,0.45454545454545453,0.625,2
deposition,RFE,2,0.7142857142857143,0.45454545454545453,0.5555555555555556,3
deposition,RFE,3,1.0,0.45454545454545453,0.625,2
deposition,RFE,4,1.0,0.45454545454545453,0.625,2
deposition,RFE,5,0.8333333333333334,0.45454545454545453,0.5882352941176471,2
deposition,RFE,6,1.0,0.45454545454545453,0.625,2
deposition,RFE,7,0.8333333333333334,0.45454545454545453,0.5882352941176471,2
deposition,RFE,8,0.8333333333333334,0.45454545454545453,0.5882352941176471,2
deposition,RFE,9,1.0,0.45454545454545453,0.625,2
planarization,ALL,0,0.2558139534883721,1.0,0.40740740740740744,5
planarization,ALL,1,0.2558139534883721,1.0,0.40740740740740744,5
planarization,ALL,2,0.2558139534883721,1.0,0.40740740740740744,5
planarization,ALL,3,0.2558139534883721,1.0,0.40740740740740744,5
planarization,ALL,4,0.2558139534883721,1.0,0.40740740740740744,5
planarization,ALL,5,0.2558139534883721,1.0,0.40740740740740744,5
planarization,ALL,6,0.2558139534883721,1.0,0.40740740740740744,5
planarization,ALL,7,0.2558139534883721,1.0,0.40740740740740744,5
planarization,ALL,8,0.2558139534883721,1.0,0.40740740740740744,5
planarization,ALL,9,0.2558139534883721,1.0,0.40740740740740744,5
planarization,FILTER,0,0.2558139534883721,1.0,0.40740740740740744,0
planarization,FILTER,1,0.2558139534883721,1.0,0.40740740740740744,0
planarization,FILTER,2,0.2558139534883721,1.0,0.40740740740740744,0
planarization,FILTER,3,0.2558139534883721,1.0,0.40740740740740744,0
planarization,FILTER,4,0.2558139534883721,1.0,0.40740740740740744,0
planarization,FILTER,5,0.2558139534883721,1.0,0.40740740740740744,0
planarization,FILTER,6,0.2558139534883721,1.0,0.40740740740740744,0
planarization,FILTER,7,0.2558139534883721,1.0,0.40740740740740744,0
planarization,FILTER,8,0.2558139534883721,1.0,0.40740740740740744,0
planarization,FILTER,9,0.2558139534883721,1.0,0.40740740740740744,0
planarization,GA,0,0.625,0.45454545454545453,0.5263157894736842,1
planarization,GA,1,0.7,0.6363636363636364,0.6666666666666666,0
planarization,GA,2,0.8,0.7272727272727273,0.761904761904762,0
planarization,GA,3,0.75,0.5454545454545454,0.631578947368421,0
planarization,GA,4,0.5555555555555556,0.45454545454545453,0.5,1
planarization,GA,5,0.5555555555555556,0.45454545454545453,0.5,0
planarization,GA,6,0.6,0.5454545454545454,0.5714285714285713,0
planarization,GA,7,0.625,0.45454545454545453,0.5263157894736842,0
planarization,GA,8,0.7142857142857143,0.45454545454545453,0.5555555555555556,1
planarization,GA,9,0.625,0.45454545454545453,0.5263157894736842,0
planarization,TSFGA,0,0.5714285714285714,0.36363636363636365,0.4444444444444444,0
planarization,TSFGA,1,0.5,0.36363636363636365,0.4210526315789474,0
planarization,TSFGA,2,0.8,0.36363636363636365,0.5000000000000001,0
planarization,TSFGA,3,1.0,0.45454545454545453,0.625,0
planarization,TSFGA,4,0.6666666666666666,0.36363636363636365,0.4705882352941177,0
planarization,TSFGA,5,0.7142857142857143,0.45454545454545453,0.5555555555555556,0
planarization,TSFGA,6,0.7142857142857143,0.45454545454545453,0.5555555555555556,0
planarization,TSFGA,7,0.5,0.36363636363636365,0.4210526315789474,0
planarization,TSFGA,8,0.75,0.2727272727272727,0.39999999999999997,0
planarization,TSFGA,9,0.5555555555555556,0.45454545454545453,0.5,0
planarization,mRMR,0,0.4,0.36363636363636365,0.380952380952381,2
planarization,mRMR,1,0.4,0.36363636363636365,0.380952380952381,2
planarization,mRMR,2,0.4,0.36363636363636365,0.380952380952381,2
planarization,mRMR,3,0.4,0.36363636363636365,0.380952380952381,2
planarization,mRMR,4,0.4,0.36363636363636365,0.380952380952381,2
planarization,mRMR,5,0.4,0.36363636363636365,0.380952380952381,2
planarization,mRMR,6,0.4,0.36363636363636365,0.380952380952381,2
planarization,mRMR,7,0.4,0.36363636363636365,0.380952380952381,2
planarization,mRMR,8,0.4,0.36363636363636365,0.380952380952381,2
planarization,mRMR,9,0.4,0.36363636363636365,0.380952380952381,2
planarization,MI,0,0.7142857142857143,0.45454545454545453,0.5555555555555556,4
planarization,MI,1,0.7142857142857143,0.45454545454545453,0.5555555555555556,4
planarization,MI,2,0.7142857142857143,0.45454545454545453,0.5555555555555556,4
planarization,MI,3,0.625,0.45454545454545453,0.5263157894736842,4
planarization,MI,4,0.7142857142857143,0.45454545454545453,0.5555555555555556,4
planarization,MI,5,0.7142857142857143,0.45454545454545453,0.5555555555555556,4
planarization,MI,6,0.625,0.45454545454545453,0.5263157894736842,4
planarization,MI,7,0.7142857142857143,0.45454545454545453,0.5555555555555556,4
planarization,MI,8,0.7142857142857143,0.45454545454545453,0.5555555555555556,4
planarization,MI,9,0.7142857142857143,0.45454545454545453,0.5555555555555556,4
planarization,DDA,0,0.75,0.5454545454545454,0.631578947368421,3
planarization,DDA,1,1.0,0.5454545454545454,0.7058823529411764,4
planarization,DDA,2,0.8571428571428571,0.5454545454545454,0.6666666666666665,4
planarization,DDA,3,0.75,0.5454545454545454,0.631578947368421,2
planarization,DDA,4,1.0,0.6363636363636364,0.7777777777777778,4
planarization,DDA,5,0.7777777777777778,0.6363636363636364,0.7000000000000001,4
planarization,DDA,6,1.0,0.5454545454545454,0.7058823529411764,4
planarization,DDA,7,1.0,0.5454545454545454,0.7058823529411764,3
planarization,DDA,8,0.875,0.6363636363636364,0.7368421052631579,3
planarization,DDA,9,0.8571428571428571,0.5454545454545454,0.6666666666666665,4
planarization,PFI-SBS,0,0.8333333333333334,0.45454545454545453,0.5882352941176471,3
planarization,PFI-SBS,1,0.8333333333333334,0.45454545454545453,0.5882352941176471,3
planarization,PFI-SBS,2,0.8333333333333334,0.45454545454545453,0.5882352941176471,2
planarization,PFI-SBS,3,0.8333333333333334,0.45454545454545453,0.5882352941176471,2
planarization,PFI-SBS,4,0.75,0.5454545454545454,0.631578947368421,3
planarization,PFI-SBS,5,0.8,0.36363636363636365,0.5000000000000001,2
planarization,PFI-SBS,6,0.8333333333333334,0.45454545454545453,0.5882352941176471,3
planarization,PFI-SBS,7,1.0,0.45454545454545453,0.625,2
planarization,PFI-SBS,8,0.8333333333333334,0.45454545454545453,0.5882352941176471,3
planarization,PFI-SBS,9,0.8,0.36363636363636365,0.5000000000000001,3
planarization,BPSO,0,0.7142857142857143,0.45454545454545453,0.5555555555555556,0
planarization,BPSO,1,0.6666666666666666,0.36363636363636365,0.4705882352941177,0
planarization,BPSO,2,0.625,0.45454545454545453,0.5263157894736842,0
planarization,BPSO,3,0.5714285714285714,0.36363636363636365,0.4444444444444444,0
planarization,BPSO,4,0.5714285714285714,0.36363636363636365,0.4444444444444444,0
planarization,BPSO,5,0.6666666666666666,0.36363636363636365,0.4705882352941177,0
planarization,BPSO,6,0.8571428571428571,0.5454545454545454,0.6666666666666665,0
planarization,BPSO,7,0.5714285714285714,0.36363636363636365,0.4444444444444444,0
planarization,BPSO,8,0.8333333333333334,0.45454545454545453,0.5882352941176471,0
planarization,BPSO,9,1.0,0.45454545454545453,0.625,0
planarization,BGWO,0,1.0,0.45454545454545453,0.625,0
planarization,BGWO,1,1.0,0.45454545454545453,0.625,0
planarization,BGWO,2,1.0,0.45454545454545453,0.625,0
planarization,BGWO,3,1.0,0.45454545454545453,0.625,0
planarization,BGWO,4,1.0,0.36363636363636365,0.5333333333333333,0
planarization,BGWO,5,1.0,0.36363636363636365,0.5333333333333333,0
planarization,BGWO,6,1.0,0.45454545454545453,0.625,0
planarization,BGWO,7,1.0,0.36363636363636365,0.5333333333333333,0
planarization,BGWO,8,1.0,0.36363636363636365,0.5333333333333333,0
planarization,BGWO,9,1.0,0.45454545454545453,0.625,0
planarization,NSGA2,0,1.0,0.18181818181818182,0.3076923076923077,0
planarization,NSGA2,1,1.0,0.18181818181818182,0.3076923076923077,0
planarization,NSGA2,2,1.0,0.18181818181818182,0.3076923076923077,0
planarization,NSGA2,3,1.0,0.18181818181818182,0.3076923076923077,0
planarization,NSGA2,4,1.0,0.18181818181818182,0.3076923076923077,0
planarization,NSGA2,5,1.0,0.18181818181818182,0.3076923076923077,0
planarization,NSGA2,6,1.0,0.18181818181818182,0.3076923076923077,0
planarization,NSGA2,7,1.0,0.18181818181818182,0.3076923076923077,0
planarization,NSGA2,8,1.0,0.18181818181818182,0.3076923076923077,0
planarization,NSGA2,9,1.0,0.18181818181818182,0.3076923076923077,0
planarization,Boruta,0,0.8333333333333334,0.45454545454545453,0.5882352941176471,4
planarization,Boruta,1,0.75,0.5454545454545454,0.631578947368421,4
planarization,Boruta,2,0.8571428571428571,0.5454545454545454,0.6666666666666665,4
planarization,Boruta,3,0.7777777777777778,0.6363636363636364,0.7000000000000001,4
planarization,Boruta,4,0.7142857142857143,0.45454545454545453,0.5555555555555556,4
planarization,Boruta,5,0.8333333333333334,0.45454545454545453,0.5882352941176471,4
planarization,Boruta,6,1.0,0.5454545454545454,0.7058823529411764,4
planarization,Boruta,7,1.0,0.5454545454545454,0.7058823529411764,4
planarization,Boruta,8,0.7142857142857143,0.45454545454545453,0.5555555555555556,4
planarization,Boruta,9,1.0,0.5454545454545454,0.7058823529411764,4
planarization,LASSO,0,0.32142857142857145,0.8181818181818182,0.46153846153846156,2
planarization,LASSO,1,0.32142857142857145,0.8181818181818182,0.46153846153846156,2
planarization,LASSO,2,0.32142857142857145,0.8181818181818182,0.46153846153846156,2
planarization,LASSO,3,0.32142857142857145,0.8181818181818182,0.46153846153846156,2
planarization,LASSO,4,0.32142857142857145,0.8181818181818182,0.46153846153846156,2
planarization,LASSO,5,0.32142857142857145,0.8181818181818182,0.46153846153846156,2
planarization,LASSO,6,0.32142857142857145,0.8181818181818182,0.46153846153846156,2
planarization,LASSO,7,0.32142857142857145,0.8181818181818182,0.46153846153846156,2
planarization,LASSO,8,0.32142857142857145,0.8181818181818182,0.46153846153846156,2
planarization,LASSO,9,0.32142857142857145,0.8181818181818182,0.46153846153846156,2
planarization,RFE,0,0.8,0.36363636363636365,0.5000000000000001,2
planarization,RFE,1,0.8333333333333334,0.45454545454545453,0.5882352941176471,3
planarization,RFE,2,0.8333333333333334,0.45454545454545453,0.5882352941176471,2
planarization,RFE,3,0.8,0.36363636363636365,0.5000000000000001,2
planarization,RFE,4,0.8333333333333334,0.45454545454545453,0.5882352941176471,4
planarization,RFE,5,0.8333333333333334,0.45454545454545453,0.5882352941176471,2
planarization,RFE,6,0.8,0.36363636363636365,0.5000000000000001,2
planarization,RFE,7,0.8,0.36363636363636365,0.5000000000000001,2
planarization,RFE,8,0.8333333333333334,0.45454545454545453,0.5882352941176471,3
planarization,RFE,9,0.8,0.36363636363636365,0.5000000000000001,3
